Workbook

Sheet Results Summary
B2: Overall Accuracy | I2: In-progress overall
C3: Accurate 5% | D3: Acceptable (10%) | E3: Not-Acceptable (>10%) | F3: Total | J3: Accurate 5% | K3: Acceptable (10%) | L3: Not-Acceptable (>10%)
B4: Baseline | C4: =COUNTIF(Baseline!$F:$F, ">0") + COUNTIF(Baseline!$F:$F, "<0") + COUNTIF(Baseline!$F:$F, "=0")-D4-E4 -> 64 | D4: =COUNTIF(Baseline!$F:$F, ">0.05") + COUNTIF(Baseline!$F:$F, "<-0.05") - E4 -> 43 | E4: =COUNTIF(Baseline!$F:$F, ">0.10") + COUNTIF(Baseline!$F:$F, "<-0.10") -> 111 | F4: =SUM(C4:E4) -> 218 | I4: Baseline | J4: =(COUNTIF('1st Calibration Comparisons'!$C:$C, "none"))-K4-L4 -> 9 | K4: =COUNTIFS('1st Calibration Comparisons'!$C:$C, "none", '1st Calibration Comparisons'!$F:$F, ">0.05") + COUNTIFS('1st Calibration Comparisons'!$C:$C, "none", '1st Calibration Comparisons'!$F:$F, "<-0.05") -L4 -> 2 | L4: =COUNTIFS('1st Calibration Comparisons'!$C:$C, "none", '1st Calibration Comparisons'!$F:$F, ">0.10") + COUNTIFS('1st Calibration Comparisons'!$C:$C, "none", '1st Calibration Comparisons'!$F:$F, "<-0.10") -> 15 | M4: =SUM(J4:L4) -> 26
B5: 1st Calibration | C5: =(COUNTIF('1st Calibration'!$C:$C, "1st")) -D5-E5 -> 11 | D5: =COUNTIFS('1st Calibration'!$C:$C, "1st", '1st Calibration'!$F:$F, ">0.05") + COUNTIFS('1st Calibration'!$C:$C, "1st", '1st Calibration'!$F:$F, "<-0.05") -E5 -> 7 | E5: =COUNTIFS('1st Calibration'!$C:$C, "1st", '1st Calibration'!$F:$F, ">0.10") + COUNTIFS('1st Calibration'!$C:$C, "1st", '1st Calibration'!$F:$F, "<-0.10") -> 8 | F5: =SUM(C5:E5) -> 26 | I5: 1st Calibration | J5: =(COUNTIF('1st Calibration Comparisons'!$C:$C, "1st"))-K5-L5 -> 11 | K5: =COUNTIFS('1st Calibration Comparisons'!$C:$C, "1st", '1st Calibration Comparisons'!$F:$F, ">0.05") + COUNTIFS('1st Calibration Comparisons'!$C:$C, "1st", '1st Calibration Comparisons'!$F:$F, "<-0.05") -L5 -> 7 | L5: =COUNTIFS('1st Calibration Comparisons'!$C:$C, "1st", '1st Calibration Comparisons'!$F:$F, ">0.10") + COUNTIFS('1st Calibration Comparisons'!$C:$C, "1st", '1st Calibration Comparisons'!$F:$F, "<-0.10") -> 8 | M5: =SUM(J5:L5) -> 26
B6: % Improvement | C6: =(C5/$F$5)-(C4/$F$4) -> 0.12949894 | D6: =(D5/$F$5)-(D4/$F$4) -> 0.071983063 | E6: =(E5/$F$5)-(E4/$F$4) -> -0.201482 | I6: % Improvement | J6: =(J5/$M$5)-(J4/$M$4) -> 0.076923077 | K6: =(K5/$M$5)-(K4/$M$4) -> 0.19230769 | L6: =(L5/$M$5)-(L4/$M$4) -> -0.26923077
B7: 2nd Calibration | C7: =(COUNTIF('2nd Calibration'!$C:$C, "2nd")) -D7-E7 -> 2 | D7: =COUNTIFS('2nd Calibration'!$C:$C, "2nd", '2nd Calibration'!$F:$F, ">0.05") + COUNTIFS('2nd Calibration'!$C:$C, "2nd", '2nd Calibration'!$F:$F, "<-0.05") -E7 -> 1 | E7: =COUNTIFS('2nd Calibration'!$C:$C, "2nd", '2nd Calibration'!$F:$F, ">0.10") + COUNTIFS('2nd Calibration'!$C:$C, "2nd", '2nd Calibration'!$F:$F, "<-0.10") -> 1 | F7: =SUM(C7:E7) -> 4
B8: % Improvement | C8: =(C7/$F$7)-(C5/$F$5) -> 0.076923077 | D8: =(D7/$F$7)-(D5/$F$5) -> -0.019230769 | E8: =(E7/$F$7)-(E5/$F$5) -> -0.057692308
B10: Approach | I10: Approach
C11: Accurate 5% | D11: Acceptable (10%) | E11: Not-Acceptable (>10%) | F11: NA | G11: Total | J11: Accurate 5% | K11: Acceptable (10%) | L11: Not-Acceptable (>10%) | M11: NA
B12: Baseline | C12: =COUNTIF(Baseline!$G:$J, ">0") + COUNTIF(Baseline!$G:$J, "<0") + COUNTIF(Baseline!$G:$J, "=0")-D12-E12 -> 333 | D12: =COUNTIF(Baseline!$G:$J, ">0.05") + COUNTIF(Baseline!$G:$J, "<-0.05") -E12 -> 135 | E12: =COUNTIF(Baseline!$G:$J, ">0.10") + COUNTIF(Baseline!$G:$J, "<-0.10") -> 379 | F12: =COUNTIF(Baseline!$G:$J, "NA") -> 25 | G12: =SUM(C12:F12) -> 872 | I12: Baseline | J12: =(M4*4)-K12-L12-M12 -> 48 | K12: =COUNTIFS('1st Calibration Comparisons'!$C:$C,"none",'1st Calibration Comparisons'!$G:$G,">0.05")+COUNTIFS('1st Calibration Comparisons'!$C:$C,"none",'1st Calibration Comparisons'!$G:$G,"<-0.05")+COUNTIFS('1st Calibration Comparisons'!$C:$C,"none",'1st Calibration Comparisons'!$H:$H,">0.05")+COUNTIFS('1st Calibration Comparisons'!$C:$C,"none",'1st Calibration Comparisons'!$H:$H,"<-0.05")+COUNTIFS('1st Calibration Comparisons'!$C:$C,"none",'1st Calibration Comparisons'!$I:$I,">0.05")+COUNTIFS('1st Calibration Comparisons'!$C:$C,"none",'1st Calibration Comparisons'!$I:$I,"<-0.05") + COUNTIFS('1st Calibration Comparisons'!$C:$C, "none", '1st Calibration Comparisons'!$J:$J, ">0.05") + COUNTIFS('1st Calibration Comparisons'!$C:$C, "none", '1st Calibration Comparisons'!$J:$J, "<-0.05") -L12 -> 21 | L12: =COUNTIFS('1st Calibration Comparisons'!$C:$C,"none",'1st Calibration Comparisons'!$G:$G,"<-0.10") + COUNTIFS('1st Calibration Comparisons'!$C:$C,"none",'1st Calibration Comparisons'!$G:$G,">0.10") + COUNTIFS('1st Calibration Comparisons'!$C:$C,"none",'1st Calibration Comparisons'!$H:$H,"<-0.10") + COUNTIFS('1st Calibration Comparisons'!$C:$C,"none",'1st Calibration Comparisons'!$H:$H,">0.10") + COUNTIFS('1st Calibration Comparisons'!$C:$C,"none",'1st Calibration Comparisons'!$I:$I,"<-0.10") + COUNTIFS('1st Calibration Comparisons'!$C:$C,"none",'1st Calibration Comparisons'!$I:$I,">0.10") + COUNTIFS('1st Calibration Comparisons'!$C:$C,"none",'1st Calibration Comparisons'!$J:$J,"<-0.10") + COUNTIFS('1st Calibration Comparisons'!$C:$C,"none",'1st Calibration Comparisons'!$J:$J,">0.10") -> 33 | M12: =COUNTIFS('1st Calibration Comparisons'!$C:$C,"none",'1st Calibration Comparisons'!$G:$G,"NA") + COUNTIFS('1st Calibration Comparisons'!$C:$C,"none",'1st Calibration Comparisons'!$H:$H,"NA") + COUNTIFS('1st Calibration Comparisons'!$C:$C,"none",'1st Calibration Comparisons'!$I:$I,"NA") + COUNTIFS('1st Calibration Comparisons'!$C:$C,"none",'1st Calibration Comparisons'!$J:$J,"NA") -> 2 | N12: =SUM(J12:M12) -> 104
B13: 1st Calibration | C13: =(F5*4)-D13-E13-F13 -> 54 | D13: =COUNTIFS('1st Calibration'!$C:$C,"1st",'1st Calibration'!$G:$G,">0.05")+COUNTIFS('1st Calibration'!$C:$C,"1st",'1st Calibration'!$G:$G,"<-0.05")+COUNTIFS('1st Calibration'!$C:$C,"1st",'1st Calibration'!$H:$H,">0.05")+COUNTIFS('1st Calibration'!$C:$C,"1st",'1st Calibration'!$H:$H,"<-0.05")+COUNTIFS('1st Calibration'!$C:$C,"1st",'1st Calibration'!$I:$I,">0.05")+COUNTIFS('1st Calibration'!$C:$C,"1st",'1st Calibration'!$I:$I,"<-0.05") + COUNTIFS('1st Calibration'!$C:$C, "1st", '1st Calibration'!$J:$J, ">0.05") + COUNTIFS('1st Calibration'!$C:$C, "1st", '1st Calibration'!$J:$J, "<-0.05") -E13 -> 17 | E13: =COUNTIFS('1st Calibration'!$C:$C,"1st",'1st Calibration'!$G:$G,"<-0.10") + COUNTIFS('1st Calibration'!$C:$C,"1st",'1st Calibration'!$G:$G,">0.10") + COUNTIFS('1st Calibration'!$C:$C,"1st",'1st Calibration'!$H:$H,"<-0.10") + COUNTIFS('1st Calibration'!$C:$C,"1st",'1st Calibration'!$H:$H,">0.10") + COUNTIFS('1st Calibration'!$C:$C,"1st",'1st Calibration'!$I:$I,"<-0.10") + COUNTIFS('1st Calibration'!$C:$C,"1st",'1st Calibration'!$I:$I,">0.10") + COUNTIFS('1st Calibration'!$C:$C,"1st",'1st Calibration'!$J:$J,"<-0.10") + COUNTIFS('1st Calibration'!$C:$C,"1st",'1st Calibration'!$J:$J,">0.10") -> 30 | F13: =COUNTIFS('1st Calibration'!$C:$C,"1st",'1st Calibration'!$G:$G,"NA") + COUNTIFS('1st Calibration'!$C:$C,"1st",'1st Calibration'!$H:$H,"NA") + COUNTIFS('1st Calibration'!$C:$C,"1st",'1st Calibration'!$I:$I,"NA") + COUNTIFS('1st Calibration'!$C:$C,"1st",'1st Calibration'!$J:$J,"NA") -> 3 | G13: =SUM(C13:F13) -> 104 | I13: 1st Calibration | J13: =(M5*4)-K13-L13-M13 -> 54 | K13: =COUNTIFS('1st Calibration'!$C:$C,"1st",'1st Calibration'!$G:$G,">0.05")+COUNTIFS('1st Calibration'!$C:$C,"1st",'1st Calibration'!$G:$G,"<-0.05")+COUNTIFS('1st Calibration'!$C:$C,"1st",'1st Calibration'!$H:$H,">0.05")+COUNTIFS('1st Calibration'!$C:$C,"1st",'1st Calibration'!$H:$H,"<-0.05")+COUNTIFS('1st Calibration'!$C:$C,"1st",'1st Calibration'!$I:$I,">0.05")+COUNTIFS('1st Calibration'!$C:$C,"1st",'1st Calibration'!$I:$I,"<-0.05") + COUNTIFS('1st Calibration'!$C:$C, "1st", '1st Calibration'!$J:$J, ">0.05") + COUNTIFS('1st Calibration'!$C:$C, "1st", '1st Calibration'!$J:$J, "<-0.05") -L13 -> 17 | L13: =COUNTIFS('1st Calibration'!$C:$C,"1st",'1st Calibration'!$G:$G,"<-0.10") + COUNTIFS('1st Calibration'!$C:$C,"1st",'1st Calibration'!$G:$G,">0.10") + COUNTIFS('1st Calibration'!$C:$C,"1st",'1st Calibration'!$H:$H,"<-0.10") + COUNTIFS('1st Calibration'!$C:$C,"1st",'1st Calibration'!$H:$H,">0.10") + COUNTIFS('1st Calibration'!$C:$C,"1st",'1st Calibration'!$I:$I,"<-0.10") + COUNTIFS('1st Calibration'!$C:$C,"1st",'1st Calibration'!$I:$I,">0.10") + COUNTIFS('1st Calibration'!$C:$C,"1st",'1st Calibration'!$J:$J,"<-0.10") + COUNTIFS('1st Calibration'!$C:$C,"1st",'1st Calibration'!$J:$J,">0.10") -> 30 | M13: =COUNTIFS('1st Calibration'!$C:$C,"1st",'1st Calibration'!$G:$G,"NA") + COUNTIFS('1st Calibration'!$C:$C,"1st",'1st Calibration'!$H:$H,"NA") + COUNTIFS('1st Calibration'!$C:$C,"1st",'1st Calibration'!$I:$I,"NA") + COUNTIFS('1st Calibration'!$C:$C,"1st",'1st Calibration'!$J:$J,"NA") -> 3 | N13: =SUM(J13:M13) -> 104
B14: % Improvement | C14: =(C13/$G$13)-(C12/$G$12) -> 0.13735004 | D14: =(D13/$G$13)-(D12/$G$12) -> 0.0086450247 | E14: =(E13/$G$13)-(E12/$G$12) -> -0.14617149 | F14: =(F13/$G$13)-(F12/$G$12) -> 0.00017642908 | I14: % Improvement | J14: =(J13/$N$13)-(J12/$N$12) -> 0.057692308 | K14: =(K13/$N$13)-(K12/$N$12) -> -0.038461538 | L14: =(L13/$N$13)-(L12/$N$12) -> -0.028846154 | M14: =(M13/$N$13)-(M12/$N$12) -> 0.0096153846
B15: 2nd Calibration | C15: =(F7*4)-D15-E15-F15 -> 10 | D15: =COUNTIFS('2nd Calibration'!$C:$C,"2nd",'2nd Calibration'!$G:$G,">0.05")+COUNTIFS('2nd Calibration'!$C:$C,"2nd",'2nd Calibration'!$G:$G,"<-0.05")+COUNTIFS('2nd Calibration'!$C:$C,"2nd",'2nd Calibration'!$H:$H,">0.05")+COUNTIFS('2nd Calibration'!$C:$C,"2nd",'2nd Calibration'!$H:$H,"<-0.05")+COUNTIFS('2nd Calibration'!$C:$C,"2nd",'2nd Calibration'!$I:$I,">0.05")+COUNTIFS('2nd Calibration'!$C:$C,"2nd",'2nd Calibration'!$I:$I,"<-0.05") + COUNTIFS('2nd Calibration'!$C:$C, "2nd", '2nd Calibration'!$J:$J, ">0.05") + COUNTIFS('2nd Calibration'!$C:$C, "2nd", '2nd Calibration'!$J:$J, "<-0.05") -E15 -> 2 | E15: =COUNTIFS('2nd Calibration'!$C:$C,"2nd",'2nd Calibration'!$G:$G,"<-0.10") + COUNTIFS('2nd Calibration'!$C:$C,"2nd",'2nd Calibration'!$G:$G,">0.10") + COUNTIFS('2nd Calibration'!$C:$C,"2nd",'2nd Calibration'!$H:$H,"<-0.10") + COUNTIFS('2nd Calibration'!$C:$C,"2nd",'2nd Calibration'!$H:$H,">0.10") + COUNTIFS('2nd Calibration'!$C:$C,"2nd",'2nd Calibration'!$I:$I,"<-0.10") + COUNTIFS('2nd Calibration'!$C:$C,"2nd",'2nd Calibration'!$I:$I,">0.10") + COUNTIFS('2nd Calibration'!$C:$C,"2nd",'2nd Calibration'!$J:$J,"<-0.10") + COUNTIFS('2nd Calibration'!$C:$C,"2nd",'2nd Calibration'!$J:$J,">0.10") -> 3 | F15: =COUNTIFS('2nd Calibration'!$C:$C,"2nd",'2nd Calibration'!$G:$G,"NA") + COUNTIFS('2nd Calibration'!$C:$C,"2nd",'2nd Calibration'!$H:$H,"NA") + COUNTIFS('2nd Calibration'!$C:$C,"2nd",'2nd Calibration'!$I:$I,"NA") + COUNTIFS('2nd Calibration'!$C:$C,"2nd",'2nd Calibration'!$J:$J,"NA") -> 1 | G15: =SUM(C15:F15) -> 16
B16: % Improvement | C16: =(C15/$G$15)-(C13/$G$13) -> 0.10576923 | D16: =(D15/$G$15)-(D13/$G$13) -> -0.038461538 | E16: =(E15/$G$15)-(E13/$G$13) -> -0.10096154 | F16: =(F15/$G$15)-(F13/$G$13) -> 0.033653846
B18: Movement | I18: Approach
C19: Accurate 5% | D19: Acceptable (10%) | E19: Not-Acceptable (>10%) | F19: NA | G19: Total | J19: Accurate 5% | K19: Acceptable (10%) | L19: Not-Acceptable (>10%) | M19: NA
B20: Baseline | C20: =COUNTIF(Baseline!$K:$V, ">0") + COUNTIF(Baseline!$K:$V, "<0") + COUNTIF(Baseline!$K:$V, "=0")-D20-E20 -> 977 | D20: =COUNTIF(Baseline!$K:$V, ">0.05") + COUNTIF(Baseline!$K:$V, "<-0.05") -E20 -> 276 | E20: =COUNTIF(Baseline!$K:$V, ">0.10") + COUNTIF(Baseline!$K:$V, "<-0.10") -> 1240 | F20: =COUNTIF(Baseline!$K:$V, "NA") -> 121 | G20: =SUM(C20:F20) -> 2614 | I20: Baseline | J20: =(N12*3)-K20-L20-M20 -> 114 | K20: =COUNTIFS('1st Calibration Comparisons'!$C:$C,"none",'1st Calibration Comparisons'!$K:$K,"<-0.05") + COUNTIFS('1st Calibration Comparisons'!$C:$C,"none",'1st Calibration Comparisons'!$K:$K,">0.05") + COUNTIFS('1st Calibration Comparisons'!$C:$C,"none",'1st Calibration Comparisons'!$L:$L,"<-0.05") + COUNTIFS('1st Calibration Comparisons'!$C:$C,"none",'1st Calibration Comparisons'!$L:$L,">0.05") + COUNTIFS('1st Calibration Comparisons'!$C:$C,"none",'1st Calibration Comparisons'!$M:$M,"<-0.05") + COUNTIFS('1st Calibration Comparisons'!$C:$C,"none",'1st Calibration Comparisons'!$M:$M,">0.05") + COUNTIFS('1st Calibration Comparisons'!$C:$C,"none",'1st Calibration Comparisons'!$N:$N,"<-0.05") + COUNTIFS('1st Calibration Comparisons'!$C:$C,"none",'1st Calibration Comparisons'!$N:$N,">0.05") + COUNTIFS('1st Calibration Comparisons'!$C:$C,"none",'1st Calibration Comparisons'!$O:$O,"<-0.05") + COUNTIFS('1st Calibration Comparisons'!$C:$C,"none",'1st Calibration Comparisons'!$O:$O,">0.05") + COUNTIFS('1st Calibration Comparisons'!$C:$C,"none",'1st Calibration Comparisons'!$P:$P,"<-0.05") + COUNTIFS('1st Calibration Comparisons'!$C:$C,"none",'1st Calibration Comparisons'!$P:$P,">0.05") + COUNTIFS('1st Calibration Comparisons'!$C:$C,"none",'1st Calibration Comparisons'!$Q:$Q,"<-0.05") + COUNTIFS('1st Calibration Comparisons'!$C:$C,"none",'1st Calibration Comparisons'!$Q:$Q,">0.05") + COUNTIFS('1st Calibration Comparisons'!$C:$C,"none",'1st Calibration Comparisons'!$R:$R,"<-0.05") + COUNTIFS('1st Calibration Comparisons'!$C:$C,"none",'1st Calibration Comparisons'!$R:$R,">0.05") + COUNTIFS('1st Calibration Comparisons'!$C:$C,"none",'1st Calibration Comparisons'!$S:$S,"<-0.05") + COUNTIFS('1st Calibration Comparisons'!$C:$C,"none",'1st Calibration Comparisons'!$S:$S,">0.05") + COUNTIFS('1st Calibration Comparisons'!$C:$C,"none",'1st Calibration Comparisons'!$T:$T,"<-0.05") + COUNTIFS('1st Calibration Comparisons'!$C:$C,"none",'1st Calibration Comparisons'!$T:$T,">0.05") + COUNTIFS('1st Calibration Comparisons'!$C:$C,"none",'1st Calibration Comparisons'!$U:$U,"<-0.05") + COUNTIFS('1st Calibration Comparisons'!$C:$C,"none",'1st Calibration Comparisons'!$U:$U,">0.05") + COUNTIFS('1st Calibration Comparisons'!$C:$C,"none",'1st Calibration Comparisons'!$V:$V,"<-0.05") + COUNTIFS('1st Calibration Comparisons'!$C:$C,"none",'1st Calibration Comparisons'!$V:$V,">0.05") -L20 -> 44 | L20: =COUNTIFS('1st Calibration Comparisons'!$C:$C,"none",'1st Calibration Comparisons'!$K:$K,"<-0.10") + COUNTIFS('1st Calibration Comparisons'!$C:$C,"none",'1st Calibration Comparisons'!$K:$K,">0.10") + COUNTIFS('1st Calibration Comparisons'!$C:$C,"none",'1st Calibration Comparisons'!$L:$L,"<-0.10") + COUNTIFS('1st Calibration Comparisons'!$C:$C,"none",'1st Calibration Comparisons'!$L:$L,">0.10") + COUNTIFS('1st Calibration Comparisons'!$C:$C,"none",'1st Calibration Comparisons'!$M:$M,"<-0.10") + COUNTIFS('1st Calibration Comparisons'!$C:$C,"none",'1st Calibration Comparisons'!$M:$M,">0.10") + COUNTIFS('1st Calibration Comparisons'!$C:$C,"none",'1st Calibration Comparisons'!$N:$N,"<-0.10") + COUNTIFS('1st Calibration Comparisons'!$C:$C,"none",'1st Calibration Comparisons'!$N:$N,">0.10") + COUNTIFS('1st Calibration Comparisons'!$C:$C,"none",'1st Calibration Comparisons'!$O:$O,"<-0.10") + COUNTIFS('1st Calibration Comparisons'!$C:$C,"none",'1st Calibration Comparisons'!$O:$O,">0.10") + COUNTIFS('1st Calibration Comparisons'!$C:$C,"none",'1st Calibration Comparisons'!$P:$P,"<-0.10") + COUNTIFS('1st Calibration Comparisons'!$C:$C,"none",'1st Calibration Comparisons'!$P:$P,">0.10") + COUNTIFS('1st Calibration Comparisons'!$C:$C,"none",'1st Calibration Comparisons'!$Q:$Q,"<-0.10") + COUNTIFS('1st Calibration Comparisons'!$C:$C,"none",'1st Calibration Comparisons'!$Q:$Q,">0.10") + COUNTIFS('1st Calibration Comparisons'!$C:$C,"none",'1st Calibration Comparisons'!$R:$R,"<-0.10") + COUNTIFS('1st Calibration Comparisons'!$C:$C,"none",'1st Calibration Comparisons'!$R:$R,">0.10") + COUNTIFS('1st Calibration Comparisons'!$C:$C,"none",'1st Calibration Comparisons'!$S:$S,"<-0.10") + COUNTIFS('1st Calibration Comparisons'!$C:$C,"none",'1st Calibration Comparisons'!$S:$S,">0.10") + COUNTIFS('1st Calibration Comparisons'!$C:$C,"none",'1st Calibration Comparisons'!$T:$T,"<-0.10") + COUNTIFS('1st Calibration Comparisons'!$C:$C,"none",'1st Calibration Comparisons'!$T:$T,">0.10") + COUNTIFS('1st Calibration Comparisons'!$C:$C,"none",'1st Calibration Comparisons'!$U:$U,"<-0.10") + COUNTIFS('1st Calibration Comparisons'!$C:$C,"none",'1st Calibration Comparisons'!$U:$U,">0.10") + COUNTIFS('1st Calibration Comparisons'!$C:$C,"none",'1st Calibration Comparisons'!$V:$V,"<-0.10") + COUNTIFS('1st Calibration Comparisons'!$C:$C,"none",'1st Calibration Comparisons'!$V:$V,">0.10") -> 145 | M20: =COUNTIFS('1st Calibration Comparisons'!$C:$C,"none",'1st Calibration Comparisons'!$K:$K,"NA")+COUNTIFS('1st Calibration Comparisons'!$C:$C,"none",'1st Calibration Comparisons'!$L:$L,"NA")+COUNTIFS('1st Calibration Comparisons'!$C:$C,"none",'1st Calibration Comparisons'!$M:$M,"NA")+COUNTIFS('1st Calibration Comparisons'!$C:$C,"none",'1st Calibration Comparisons'!$N:$N,"NA")+COUNTIFS('1st Calibration Comparisons'!$C:$C,"none",'1st Calibration Comparisons'!$O:$O,"NA")+COUNTIFS('1st Calibration Comparisons'!$C:$C,"none",'1st Calibration Comparisons'!$P:$P,"NA")+COUNTIFS('1st Calibration Comparisons'!$C:$C,"none",'1st Calibration Comparisons'!$Q:$Q,"NA")+COUNTIFS('1st Calibration Comparisons'!$C:$C,"none",'1st Calibration Comparisons'!$R:$R,"NA")+COUNTIFS('1st Calibration Comparisons'!$C:$C,"none",'1st Calibration Comparisons'!$S:$S,"NA")+COUNTIFS('1st Calibration Comparisons'!$C:$C,"none",'1st Calibration Comparisons'!$T:$T,"NA")+COUNTIFS('1st Calibration Comparisons'!$C:$C,"none",'1st Calibration Comparisons'!$U:$U,"NA")++COUNTIFS('1st Calibration Comparisons'!$C:$C,"none",'1st Calibration Comparisons'!$V:$V,"NA") -> 9 | N20: =SUM(J20:M20) -> 312
B21: 1st Calibration | C21: =(F5*12)-D21-E21-F21 -> 121 | D21: =COUNTIFS('1st Calibration'!$C:$C,"1st",'1st Calibration'!$K:$K,"<-0.05") + COUNTIFS('1st Calibration'!$C:$C,"1st",'1st Calibration'!$K:$K,">0.05") + COUNTIFS('1st Calibration'!$C:$C,"1st",'1st Calibration'!$L:$L,"<-0.05") + COUNTIFS('1st Calibration'!$C:$C,"1st",'1st Calibration'!$L:$L,">0.05") + COUNTIFS('1st Calibration'!$C:$C,"1st",'1st Calibration'!$M:$M,"<-0.05") + COUNTIFS('1st Calibration'!$C:$C,"1st",'1st Calibration'!$M:$M,">0.05") + COUNTIFS('1st Calibration'!$C:$C,"1st",'1st Calibration'!$N:$N,"<-0.05") + COUNTIFS('1st Calibration'!$C:$C,"1st",'1st Calibration'!$N:$N,">0.05") + COUNTIFS('1st Calibration'!$C:$C,"1st",'1st Calibration'!$O:$O,"<-0.05") + COUNTIFS('1st Calibration'!$C:$C,"1st",'1st Calibration'!$O:$O,">0.05") + COUNTIFS('1st Calibration'!$C:$C,"1st",'1st Calibration'!$P:$P,"<-0.05") + COUNTIFS('1st Calibration'!$C:$C,"1st",'1st Calibration'!$P:$P,">0.05") + COUNTIFS('1st Calibration'!$C:$C,"1st",'1st Calibration'!$Q:$Q,"<-0.05") + COUNTIFS('1st Calibration'!$C:$C,"1st",'1st Calibration'!$Q:$Q,">0.05") + COUNTIFS('1st Calibration'!$C:$C,"1st",'1st Calibration'!$R:$R,"<-0.05") + COUNTIFS('1st Calibration'!$C:$C,"1st",'1st Calibration'!$R:$R,">0.05") + COUNTIFS('1st Calibration'!$C:$C,"1st",'1st Calibration'!$S:$S,"<-0.05") + COUNTIFS('1st Calibration'!$C:$C,"1st",'1st Calibration'!$S:$S,">0.05") + COUNTIFS('1st Calibration'!$C:$C,"1st",'1st Calibration'!$T:$T,"<-0.05") + COUNTIFS('1st Calibration'!$C:$C,"1st",'1st Calibration'!$T:$T,">0.05") + COUNTIFS('1st Calibration'!$C:$C,"1st",'1st Calibration'!$U:$U,"<-0.05") + COUNTIFS('1st Calibration'!$C:$C,"1st",'1st Calibration'!$U:$U,">0.05") + COUNTIFS('1st Calibration'!$C:$C,"1st",'1st Calibration'!$V:$V,"<-0.05") + COUNTIFS('1st Calibration'!$C:$C,"1st",'1st Calibration'!$V:$V,">0.05") -E21 -> 48 | E21: =COUNTIFS('1st Calibration'!$C:$C,"1st",'1st Calibration'!$K:$K,"<-0.10") + COUNTIFS('1st Calibration'!$C:$C,"1st",'1st Calibration'!$K:$K,">0.10") + COUNTIFS('1st Calibration'!$C:$C,"1st",'1st Calibration'!$L:$L,"<-0.10") + COUNTIFS('1st Calibration'!$C:$C,"1st",'1st Calibration'!$L:$L,">0.10") + COUNTIFS('1st Calibration'!$C:$C,"1st",'1st Calibration'!$M:$M,"<-0.10") + COUNTIFS('1st Calibration'!$C:$C,"1st",'1st Calibration'!$M:$M,">0.10") + COUNTIFS('1st Calibration'!$C:$C,"1st",'1st Calibration'!$N:$N,"<-0.10") + COUNTIFS('1st Calibration'!$C:$C,"1st",'1st Calibration'!$N:$N,">0.10") + COUNTIFS('1st Calibration'!$C:$C,"1st",'1st Calibration'!$O:$O,"<-0.10") + COUNTIFS('1st Calibration'!$C:$C,"1st",'1st Calibration'!$O:$O,">0.10") + COUNTIFS('1st Calibration'!$C:$C,"1st",'1st Calibration'!$P:$P,"<-0.10") + COUNTIFS('1st Calibration'!$C:$C,"1st",'1st Calibration'!$P:$P,">0.10") + COUNTIFS('1st Calibration'!$C:$C,"1st",'1st Calibration'!$Q:$Q,"<-0.10") + COUNTIFS('1st Calibration'!$C:$C,"1st",'1st Calibration'!$Q:$Q,">0.10") + COUNTIFS('1st Calibration'!$C:$C,"1st",'1st Calibration'!$R:$R,"<-0.10") + COUNTIFS('1st Calibration'!$C:$C,"1st",'1st Calibration'!$R:$R,">0.10") + COUNTIFS('1st Calibration'!$C:$C,"1st",'1st Calibration'!$S:$S,"<-0.10") + COUNTIFS('1st Calibration'!$C:$C,"1st",'1st Calibration'!$S:$S,">0.10") + COUNTIFS('1st Calibration'!$C:$C,"1st",'1st Calibration'!$T:$T,"<-0.10") + COUNTIFS('1st Calibration'!$C:$C,"1st",'1st Calibration'!$T:$T,">0.10") + COUNTIFS('1st Calibration'!$C:$C,"1st",'1st Calibration'!$U:$U,"<-0.10") + COUNTIFS('1st Calibration'!$C:$C,"1st",'1st Calibration'!$U:$U,">0.10") + COUNTIFS('1st Calibration'!$C:$C,"1st",'1st Calibration'!$V:$V,"<-0.10") + COUNTIFS('1st Calibration'!$C:$C,"1st",'1st Calibration'!$V:$V,">0.10") -> 127 | F21: =COUNTIFS('1st Calibration'!$C:$C,"1st",'1st Calibration'!$K:$K,"NA")+COUNTIFS('1st Calibration'!$C:$C,"1st",'1st Calibration'!$L:$L,"NA")+COUNTIFS('1st Calibration'!$C:$C,"1st",'1st Calibration'!$M:$M,"NA")+COUNTIFS('1st Calibration'!$C:$C,"1st",'1st Calibration'!$N:$N,"NA")+COUNTIFS('1st Calibration'!$C:$C,"1st",'1st Calibration'!$O:$O,"NA")+COUNTIFS('1st Calibration'!$C:$C,"1st",'1st Calibration'!$P:$P,"NA")+COUNTIFS('1st Calibration'!$C:$C,"1st",'1st Calibration'!$Q:$Q,"NA")+COUNTIFS('1st Calibration'!$C:$C,"1st",'1st Calibration'!$R:$R,"NA")+COUNTIFS('1st Calibration'!$C:$C,"1st",'1st Calibration'!$S:$S,"NA")+COUNTIFS('1st Calibration'!$C:$C,"1st",'1st Calibration'!$T:$T,"NA")+COUNTIFS('1st Calibration'!$C:$C,"1st",'1st Calibration'!$U:$U,"NA")++COUNTIFS('1st Calibration'!$C:$C,"1st",'1st Calibration'!$V:$V,"NA") -> 16 | G21: =SUM(C21:F21) -> 312 | I21: 1st Calibration | J21: =(M5*12)-K21-L21-M21 -> 121 | K21: =COUNTIFS('1st Calibration'!$C:$C,"1st",'1st Calibration'!$K:$K,"<-0.05") + COUNTIFS('1st Calibration'!$C:$C,"1st",'1st Calibration'!$K:$K,">0.05") + COUNTIFS('1st Calibration'!$C:$C,"1st",'1st Calibration'!$L:$L,"<-0.05") + COUNTIFS('1st Calibration'!$C:$C,"1st",'1st Calibration'!$L:$L,">0.05") + COUNTIFS('1st Calibration'!$C:$C,"1st",'1st Calibration'!$M:$M,"<-0.05") + COUNTIFS('1st Calibration'!$C:$C,"1st",'1st Calibration'!$M:$M,">0.05") + COUNTIFS('1st Calibration'!$C:$C,"1st",'1st Calibration'!$N:$N,"<-0.05") + COUNTIFS('1st Calibration'!$C:$C,"1st",'1st Calibration'!$N:$N,">0.05") + COUNTIFS('1st Calibration'!$C:$C,"1st",'1st Calibration'!$O:$O,"<-0.05") + COUNTIFS('1st Calibration'!$C:$C,"1st",'1st Calibration'!$O:$O,">0.05") + COUNTIFS('1st Calibration'!$C:$C,"1st",'1st Calibration'!$P:$P,"<-0.05") + COUNTIFS('1st Calibration'!$C:$C,"1st",'1st Calibration'!$P:$P,">0.05") + COUNTIFS('1st Calibration'!$C:$C,"1st",'1st Calibration'!$Q:$Q,"<-0.05") + COUNTIFS('1st Calibration'!$C:$C,"1st",'1st Calibration'!$Q:$Q,">0.05") + COUNTIFS('1st Calibration'!$C:$C,"1st",'1st Calibration'!$R:$R,"<-0.05") + COUNTIFS('1st Calibration'!$C:$C,"1st",'1st Calibration'!$R:$R,">0.05") + COUNTIFS('1st Calibration'!$C:$C,"1st",'1st Calibration'!$S:$S,"<-0.05") + COUNTIFS('1st Calibration'!$C:$C,"1st",'1st Calibration'!$S:$S,">0.05") + COUNTIFS('1st Calibration'!$C:$C,"1st",'1st Calibration'!$T:$T,"<-0.05") + COUNTIFS('1st Calibration'!$C:$C,"1st",'1st Calibration'!$T:$T,">0.05") + COUNTIFS('1st Calibration'!$C:$C,"1st",'1st Calibration'!$U:$U,"<-0.05") + COUNTIFS('1st Calibration'!$C:$C,"1st",'1st Calibration'!$U:$U,">0.05") + COUNTIFS('1st Calibration'!$C:$C,"1st",'1st Calibration'!$V:$V,"<-0.05") + COUNTIFS('1st Calibration'!$C:$C,"1st",'1st Calibration'!$V:$V,">0.05") -L21 -> 48 | L21: =COUNTIFS('1st Calibration'!$C:$C,"1st",'1st Calibration'!$K:$K,"<-0.10") + COUNTIFS('1st Calibration'!$C:$C,"1st",'1st Calibration'!$K:$K,">0.10") + COUNTIFS('1st Calibration'!$C:$C,"1st",'1st Calibration'!$L:$L,"<-0.10") + COUNTIFS('1st Calibration'!$C:$C,"1st",'1st Calibration'!$L:$L,">0.10") + COUNTIFS('1st Calibration'!$C:$C,"1st",'1st Calibration'!$M:$M,"<-0.10") + COUNTIFS('1st Calibration'!$C:$C,"1st",'1st Calibration'!$M:$M,">0.10") + COUNTIFS('1st Calibration'!$C:$C,"1st",'1st Calibration'!$N:$N,"<-0.10") + COUNTIFS('1st Calibration'!$C:$C,"1st",'1st Calibration'!$N:$N,">0.10") + COUNTIFS('1st Calibration'!$C:$C,"1st",'1st Calibration'!$O:$O,"<-0.10") + COUNTIFS('1st Calibration'!$C:$C,"1st",'1st Calibration'!$O:$O,">0.10") + COUNTIFS('1st Calibration'!$C:$C,"1st",'1st Calibration'!$P:$P,"<-0.10") + COUNTIFS('1st Calibration'!$C:$C,"1st",'1st Calibration'!$P:$P,">0.10") + COUNTIFS('1st Calibration'!$C:$C,"1st",'1st Calibration'!$Q:$Q,"<-0.10") + COUNTIFS('1st Calibration'!$C:$C,"1st",'1st Calibration'!$Q:$Q,">0.10") + COUNTIFS('1st Calibration'!$C:$C,"1st",'1st Calibration'!$R:$R,"<-0.10") + COUNTIFS('1st Calibration'!$C:$C,"1st",'1st Calibration'!$R:$R,">0.10") + COUNTIFS('1st Calibration'!$C:$C,"1st",'1st Calibration'!$S:$S,"<-0.10") + COUNTIFS('1st Calibration'!$C:$C,"1st",'1st Calibration'!$S:$S,">0.10") + COUNTIFS('1st Calibration'!$C:$C,"1st",'1st Calibration'!$T:$T,"<-0.10") + COUNTIFS('1st Calibration'!$C:$C,"1st",'1st Calibration'!$T:$T,">0.10") + COUNTIFS('1st Calibration'!$C:$C,"1st",'1st Calibration'!$U:$U,"<-0.10") + COUNTIFS('1st Calibration'!$C:$C,"1st",'1st Calibration'!$U:$U,">0.10") + COUNTIFS('1st Calibration'!$C:$C,"1st",'1st Calibration'!$V:$V,"<-0.10") + COUNTIFS('1st Calibration'!$C:$C,"1st",'1st Calibration'!$V:$V,">0.10") -> 127 | M21: =COUNTIFS('1st Calibration'!$C:$C,"1st",'1st Calibration'!$K:$K,"NA")+COUNTIFS('1st Calibration'!$C:$C,"1st",'1st Calibration'!$L:$L,"NA")+COUNTIFS('1st Calibration'!$C:$C,"1st",'1st Calibration'!$M:$M,"NA")+COUNTIFS('1st Calibration'!$C:$C,"1st",'1st Calibration'!$N:$N,"NA")+COUNTIFS('1st Calibration'!$C:$C,"1st",'1st Calibration'!$O:$O,"NA")+COUNTIFS('1st Calibration'!$C:$C,"1st",'1st Calibration'!$P:$P,"NA")+COUNTIFS('1st Calibration'!$C:$C,"1st",'1st Calibration'!$Q:$Q,"NA")+COUNTIFS('1st Calibration'!$C:$C,"1st",'1st Calibration'!$R:$R,"NA")+COUNTIFS('1st Calibration'!$C:$C,"1st",'1st Calibration'!$S:$S,"NA")+COUNTIFS('1st Calibration'!$C:$C,"1st",'1st Calibration'!$T:$T,"NA")+COUNTIFS('1st Calibration'!$C:$C,"1st",'1st Calibration'!$U:$U,"NA")++COUNTIFS('1st Calibration'!$C:$C,"1st",'1st Calibration'!$V:$V,"NA") -> 16 | N21: =SUM(J21:M21) -> 312
B22: % Improvement | C22: =(C21/$G$21)-(C20/$G$20) -> 0.014063818 | D22: =(D21/$G$21)-(D20/$G$20) -> 0.048260844 | E22: =(E21/$G$21)-(E20/$G$20) -> -0.067317501 | F22: =(F21/$G$21)-(F20/$G$20) -> 0.0049928393 | I22: % Improvement | J22: =(J21/$N$21)-(J20/$N$20) -> 0.022435897 | K22: =(K21/$N$21)-(K20/$N$20) -> 0.012820513 | L22: =(L21/$N$21)-(L20/$N$20) -> -0.057692308 | M22: =(M21/$N$21)-(M20/$N$20) -> 0.022435897
B23: 2nd Calibration | C23: =(F7*12)-D23-E23-F23 -> 28 | D23: =COUNTIFS('2nd Calibration'!$C:$C,"2nd",'2nd Calibration'!$K:$K,"<-0.05") + COUNTIFS('2nd Calibration'!$C:$C,"2nd",'2nd Calibration'!$K:$K,">0.05") + COUNTIFS('2nd Calibration'!$C:$C,"2nd",'2nd Calibration'!$L:$L,"<-0.05") + COUNTIFS('2nd Calibration'!$C:$C,"2nd",'2nd Calibration'!$L:$L,">0.05") + COUNTIFS('2nd Calibration'!$C:$C,"2nd",'2nd Calibration'!$M:$M,"<-0.05") + COUNTIFS('2nd Calibration'!$C:$C,"2nd",'2nd Calibration'!$M:$M,">0.05") + COUNTIFS('2nd Calibration'!$C:$C,"2nd",'2nd Calibration'!$N:$N,"<-0.05") + COUNTIFS('2nd Calibration'!$C:$C,"2nd",'2nd Calibration'!$N:$N,">0.05") + COUNTIFS('2nd Calibration'!$C:$C,"2nd",'2nd Calibration'!$O:$O,"<-0.05") + COUNTIFS('2nd Calibration'!$C:$C,"2nd",'2nd Calibration'!$O:$O,">0.05") + COUNTIFS('2nd Calibration'!$C:$C,"2nd",'2nd Calibration'!$P:$P,"<-0.05") + COUNTIFS('2nd Calibration'!$C:$C,"2nd",'2nd Calibration'!$P:$P,">0.05") + COUNTIFS('2nd Calibration'!$C:$C,"2nd",'2nd Calibration'!$Q:$Q,"<-0.05") + COUNTIFS('2nd Calibration'!$C:$C,"2nd",'2nd Calibration'!$Q:$Q,">0.05") + COUNTIFS('2nd Calibration'!$C:$C,"2nd",'2nd Calibration'!$R:$R,"<-0.05") + COUNTIFS('2nd Calibration'!$C:$C,"2nd",'2nd Calibration'!$R:$R,">0.05") + COUNTIFS('2nd Calibration'!$C:$C,"2nd",'2nd Calibration'!$S:$S,"<-0.05") + COUNTIFS('2nd Calibration'!$C:$C,"2nd",'2nd Calibration'!$S:$S,">0.05") + COUNTIFS('2nd Calibration'!$C:$C,"2nd",'2nd Calibration'!$T:$T,"<-0.05") + COUNTIFS('2nd Calibration'!$C:$C,"2nd",'2nd Calibration'!$T:$T,">0.05") + COUNTIFS('2nd Calibration'!$C:$C,"2nd",'2nd Calibration'!$U:$U,"<-0.05") + COUNTIFS('2nd Calibration'!$C:$C,"2nd",'2nd Calibration'!$U:$U,">0.05") + COUNTIFS('2nd Calibration'!$C:$C,"2nd",'2nd Calibration'!$V:$V,"<-0.05") + COUNTIFS('2nd Calibration'!$C:$C,"2nd",'2nd Calibration'!$V:$V,">0.05") -E23 -> 4 | E23: =COUNTIFS('2nd Calibration'!$C:$C,"2nd",'2nd Calibration'!$K:$K,"<-0.10") + COUNTIFS('2nd Calibration'!$C:$C,"2nd",'2nd Calibration'!$K:$K,">0.10") + COUNTIFS('2nd Calibration'!$C:$C,"2nd",'2nd Calibration'!$L:$L,"<-0.10") + COUNTIFS('2nd Calibration'!$C:$C,"2nd",'2nd Calibration'!$L:$L,">0.10") + COUNTIFS('2nd Calibration'!$C:$C,"2nd",'2nd Calibration'!$M:$M,"<-0.10") + COUNTIFS('2nd Calibration'!$C:$C,"2nd",'2nd Calibration'!$M:$M,">0.10") + COUNTIFS('2nd Calibration'!$C:$C,"2nd",'2nd Calibration'!$N:$N,"<-0.10") + COUNTIFS('2nd Calibration'!$C:$C,"2nd",'2nd Calibration'!$N:$N,">0.10") + COUNTIFS('2nd Calibration'!$C:$C,"2nd",'2nd Calibration'!$O:$O,"<-0.10") + COUNTIFS('2nd Calibration'!$C:$C,"2nd",'2nd Calibration'!$O:$O,">0.10") + COUNTIFS('2nd Calibration'!$C:$C,"2nd",'2nd Calibration'!$P:$P,"<-0.10") + COUNTIFS('2nd Calibration'!$C:$C,"2nd",'2nd Calibration'!$P:$P,">0.10") + COUNTIFS('2nd Calibration'!$C:$C,"2nd",'2nd Calibration'!$Q:$Q,"<-0.10") + COUNTIFS('2nd Calibration'!$C:$C,"2nd",'2nd Calibration'!$Q:$Q,">0.10") + COUNTIFS('2nd Calibration'!$C:$C,"2nd",'2nd Calibration'!$R:$R,"<-0.10") + COUNTIFS('2nd Calibration'!$C:$C,"2nd",'2nd Calibration'!$R:$R,">0.10") + COUNTIFS('2nd Calibration'!$C:$C,"2nd",'2nd Calibration'!$S:$S,"<-0.10") + COUNTIFS('2nd Calibration'!$C:$C,"2nd",'2nd Calibration'!$S:$S,">0.10") + COUNTIFS('2nd Calibration'!$C:$C,"2nd",'2nd Calibration'!$T:$T,"<-0.10") + COUNTIFS('2nd Calibration'!$C:$C,"2nd",'2nd Calibration'!$T:$T,">0.10") + COUNTIFS('2nd Calibration'!$C:$C,"2nd",'2nd Calibration'!$U:$U,"<-0.10") + COUNTIFS('2nd Calibration'!$C:$C,"2nd",'2nd Calibration'!$U:$U,">0.10") + COUNTIFS('2nd Calibration'!$C:$C,"2nd",'2nd Calibration'!$V:$V,"<-0.10") + COUNTIFS('2nd Calibration'!$C:$C,"2nd",'2nd Calibration'!$V:$V,">0.10") -> 11 | F23: =COUNTIFS('2nd Calibration'!$C:$C,"2nd",'2nd Calibration'!$K:$K,"NA")+COUNTIFS('2nd Calibration'!$C:$C,"2nd",'2nd Calibration'!$L:$L,"NA")+COUNTIFS('2nd Calibration'!$C:$C,"2nd",'2nd Calibration'!$M:$M,"NA")+COUNTIFS('2nd Calibration'!$C:$C,"2nd",'2nd Calibration'!$N:$N,"NA")+COUNTIFS('2nd Calibration'!$C:$C,"2nd",'2nd Calibration'!$O:$O,"NA")+COUNTIFS('2nd Calibration'!$C:$C,"2nd",'2nd Calibration'!$P:$P,"NA")+COUNTIFS('2nd Calibration'!$C:$C,"2nd",'2nd Calibration'!$Q:$Q,"NA")+COUNTIFS('2nd Calibration'!$C:$C,"2nd",'2nd Calibration'!$R:$R,"NA")+COUNTIFS('2nd Calibration'!$C:$C,"2nd",'2nd Calibration'!$S:$S,"NA")+COUNTIFS('2nd Calibration'!$C:$C,"2nd",'2nd Calibration'!$T:$T,"NA")+COUNTIFS('2nd Calibration'!$C:$C,"2nd",'2nd Calibration'!$U:$U,"NA")++COUNTIFS('2nd Calibration'!$C:$C,"2nd",'2nd Calibration'!$V:$V,"NA") -> 5 | G23: =SUM(C23:F23) -> 48
B24: % Improvement | C24: =(C23/$G$23)-(C21/$G$21) -> 0.19551282 | D24: =(D23/$G$23)-(D21/$G$21) -> -0.070512821 | E24: =(E23/$G$23)-(E21/$G$21) -> -0.17788462 | F24: =(F23/$G$23)-(F21/$G$21) -> 0.052884615

Sheet 1st Calibration
A1: ID | B1: Intersection | C1: Calibration # | D1: Date | E1: Time of Day | F1: Total | G1: EB Total | H1: WB Total | I1: NB Total | J1: SB Total | K1: EBL | L1: EBT | M1: EBR | N1: WBL | O1: WBT | P1: WBR | Q1: NBL | R1: NBT | S1: NBR | T1: SBL | U1: SBT | V1: SBR
A2: 8059100 | B2: CR 101 (Brockton Ln) at Dayton Parkway | C2: NA | D2: NA | E2: NA
A3: 8008400 | B3: CSAH 1 (Old Shakopee Rd) at CSAH 17 (France Ave) | C3: 1st Calibration | D3: 45841 | E3: 0.53125 | F3: 0.0578 | G3: 0.0386 | H3: 0.1326 | I3: 0.0227 | J3: -0.0107 | K3: 0.0267 | L3: -0.0161 | M3: 0.4 | N3: 0 | O3: 0.1075 | P3: 0.32 | Q3: 0 | R3: 0 | S3: 0.1 | T3: -0.0282 | U3: -0.0465 | V3: 0.0274 | Y3: Collected By: | AA3: Sauharda Shrestha
A4: 8018400 | B4: CSAH 1 (Old Shakopee Rd) at CSAH 34 (Normandale Blvd) | C4: 1st Calibration | D4: 45841 | E4: 0.53125 | F4: -0.1641 | G4: -0.0615 | H4: -0.0269 | I4: -0.5263 | J4: -0.5108 | K4: -0.0645 | L4: 0.0317 | M4: -2 | N4: 0.0714 | O4: -0.0588 | P4: 0.08 | Q4: 0 | R4: 0 | S4: -2 | T4: 0.0889 | U4: 0.1081 | V4: -2 | Y4: Collected By: | AA4: Sauharda Shrestha
A5: 8044600 | B5: CSAH 1 (Old Shakopee Rd) at Nesbitt Ave | C5: 1st Calibration | D5: 45845 | E5: 0.53125 | F5: -0.0107 | G5: 0.0119 | H5: -0.0371 | I5: 0.1053 | J5: -0.1111 | K5: 0 | L5: -0.0044 | M5: 0.3636 | N5: 0 | O5: -0.0423 | P5: 0 | Q5: 0.1176 | R5: 0 | S5: 0 | T5: 0 | U5: 0 | V5: -0.25 | Y5: Collected By: | AA5: Sauharda Shrestha
A6: 8022400 | B6: CSAH 1 (Old Shakopee Rd) at Xerxes Ave S | C6: 1st Calibration | D6: 45845 | E6: 0.625 | F6: -0.2714 | G6: -0.0112 | H6: -0.3077 | I6: -1.5556 | J6: 0.0952 | K6: 0 | L6: -0.0116 | M6: 0 | N6: -0.8 | O6: -0.2769 | P6: -2 | Q6: -1.9259 | R6: -0.6667 | S6: -1.3333 | T6: 0.1333 | U6: 0.1053 | V6: 0 | Y6: Collected By: | AA6: Sauharda Shrestha
A7: 8052100 | B7: CSAH 1 (Pioneer Trail) at Bennett Place | C7: 1st Calibration | D7: 45839 | E7: 0.625 | F7: -0.1247 | G7: -0.186 | H7: -0.05 | I7: 0 | J7: -0.08 | K7: 0 | L7: -0.1345 | M7: -1 | N7: -0.2222 | O7: -0.0845 | P7: 0.6667 | Q7: 0 | R7: 0 | S7: 0 | T7: -0.1176 | U7: 2 | V7: -0.2857 | Y7: collected by | AA7: Sauharda Shrestha
A8: 8037200 | B8: CSAH 1 (Pioneer Trail) at CSAH 4 (Eden Prairie Rd) | C8: 1st Calibration | D8: 46015 | E8: 0.3125 | F8: -0.1023 | G8: 0.0588 | H8: 0.0465 | I8: -0.1091 | J8: -0.449 | K8: 0.24 | L8: -0.0513 | M8: 0 | N8: 0 | O8: 0.2857 | P8: -0.1818 | Q8: -0.4 | R8: 0.0444 | S8: -1.2 | T8: -0.3704 | U8: -0.6667 | V8: 0 | Y8: Collected by | AA8: Sauharda Shrestha
A9: 8057300 | B9: CSAH 1 (Pioneer Trail) at CSAH 61 (Flying Cloud Dr) | C9: 1st Calibration | D9: 46015 | E9: 0.33333333 | F9: 0.304 | G9: 0.5778 | H9: 0.3759 | I9: 0.0615 | J9: 0.2727 | K9: -0.08 | L9: 0.717 | M9: 1.3333 | N9: 0.1333 | O9: 0.6341 | P9: -0.1111 | Q9: 0 | R9: 0.0784 | S9: 0 | T9: -0.087 | U9: 0.4727 | V9: 0 | Y9: Collected by | AA9: Sauharda Shrestha
A10: 8051400 | B10: CSAH 1 (Pioneer Trail) at Dell Rd | C10: 1st Calibration | D10: 46020 | E10: 0.34375 | F10: 0.0995 | G10: 0.1474 | H10: 0.1379 | I10: 0 | J10: 0 | K10: 0.2105 | L10: 0.1224 | M10: 0 | N10: -2 | O10: 0.1538 | P10: 0.1935 | Q10: 0 | R10: 0 | S10: 0 | T10: -0.25 | U10: 0.2222 | V10: 0.2857 | Y10: Collected By | AA10: Sauharda Shrestha
A11: 8037400 | B11: CSAH 1 (Pioneer Trail) at Franlo Rd | C11: 1st Calibration | D11: 45814 | E11: 0.32291667 | F11: -0.0042 | G11: 0.0169 | H11: -0.0274 | I11: 0 | J11: 0 | K11: 0 | L11: -0.037 | M11: 0.75 | N11: 0.1053 | O11: -0.0541 | P11: 0.1333 | Q11: 0 | R11: 0 | S11: 0 | T11: -1.3333 | U11: 2 | V11: 0 | Y11: collected by | AA11: Sauharda | AB11: Shrestha
A12: 8037300 | B12: CSAH 1 (Pioneer Trail) at Homeward Hills Rd | C12: 1st Calibration | D12: 46021 | E12: 0.35416667 | F12: -0.0045 | G12: 0.0163 | H12: -0.0211 | I12: 0.0198 | J12: -0.0645 | K12: 0 | L12: 0.0206 | M12: 0 | N12: 0.6667 | O12: -0.0387 | P12: 0 | Q12: 0 | R12: 0 | S12: 0.087 | T12: -0.1818 | U12: 0 | V12: 0 | Y12: Collected By | AA12: Sauharda Shrestha
A13: 8048500 | B13: CSAH 1 (Pioneer Trail) at Mitchell Rd | C13: 1st Calibration | D13: 46021 | E13: 0.63541667 | F13: -0.4615 | G13: 0.0382 | H13: -0.8667 | I13: -1.7333 | J13: -0.7879 | K13: -0.3529 | L13: 0.1159 | M13: -2 | N13: -0.2857 | O13: -0.8829 | P13: -2 | Q13: -2 | R13: -1.4286 | S13: -2 | T13: -2 | U13: -0.6667 | V13: -0.4 | Y13: Collected By: Sauharda Meher Shrestha
A14: 8052000 | B14: CSAH 1 (Pioneer Trail) at Staring Lake Parkway | C14: 1st Calibration | D14: 46022 | E14: 0.35416667 | F14: 0.0923 | G14: 0.08 | H14: 0.1091 | I14: 0 | J14: 0 | K14: 0 | L14: 0.0541 | M14: 0 | N14: 0 | O14: 0.1176 | P14: 0 | Q14: 0 | R14: 0 | S14: 0 | T14: 0 | U14: 0 | V14: 0 | Y14: Collected By: | AA14: Sauharda Meher Shrestha
A15: 8015500 | B15: CSAH 10 (Bass Lake Rd) at Boone Ave | C15: 1st Calibration | D15: 45295 | E15: off-peak | F15: -0.028809704 | G15: -0.0039138943 | H15: -0.02006689 | I15: -0.12903226 | J15: -0.017291066 | K15: -0.028169014 | L15: 0.015544041 | M15: -0.078212291 | N15: -0.024691358 | O15: -0.026200873 | P15: 0.015503876 | Q15: -0.4 | R15: -0.7008547 | S15: 0.45 | T15: -0.068965517 | U15: 0 | V15: 0
A16: 8025600 | B16: CSAH 10 (Bass Lake Rd) at CSAH 152 (Brooklyn Blvd) - Master Controller | C16: 1st Calibration | D16: 46035 | E16: 0.35416667 | F16: -0.0131 | G16: 0.0144 | H16: -0.0826 | I16: 0 | J16: 0.0062 | K16: -0.1053 | L16: 0.026 | M16: -0.0465 | N16: -0.1818 | O16: -0.0625 | P16: -0.087 | Q16: 0.2069 | R16: -0.0597 | S16: 0.0952 | T16: -0.0364 | U16: 0 | V16: 0.1176 | Y16: Collected By: | AA16: Sauharda Shrestha | AB16: Sauharda Shrestha
A17: 8043800 | B17: CSAH 10 (Bass Lake Rd) at International Pkwy / Gettysburg Ave | C17: 1st | D17: 45314 | E17: AM | F17: -0.043234588 | G17: -0.047125353 | H17: ? | I17: -0.076923077 | J17: 0.047619048 | K17: -0.035714286 | L17: -0.030696576 | M17: -0.19607843 | N17: ? | O17: ? | P17: ? | Q17: -0.15384615 | R17: 1.4285714 | S17: -0.22222222 | T17: 0 | U17: 0 | V17: 0.0625
A18: 8013100 | B18: CSAH 10 (Bass Lake Rd) at Jersey Ave | C18: 1st | D18: 45357 | E18: AM | F18: -0.156691 | G18: -0.071047957 | H18: -0.30747532 | I18: -0.19444444 | J18: 0.052631579 | K18: 0.12903226 | L18: -0.094194962 | M18: -0.013245033 | N18: -0.09929078 | O18: -0.3470483 | P18: -1.1111111 | Q18: 0.085106383 | R18: -1 | S18: -0.66666667 | T18: 0 | U18: 0.086956522 | V18: 0.044444444
A19: 8038800 | B19: CSAH 10 (Bass Lake Rd) at Nathan Ln | C19: 1st Calibration | D19: 45845 | E19: 0.32291667 | F19: -0.0926 | G19: -0.0182 | H19: -0.1472 | I19: -0.1639 | J19: -0.4828 | K19: 0 | L19: -0.0165 | M19: -0.0541 | N19: -0.0625 | O19: -0.0777 | P19: -0.3652 | Q19: 0 | R19: 0 | S19: -0.2041 | T19: -0.6667 | U19: 2 | V19: 0 | Y19: Collected By: | AA19: Sauharda Shrestha
A20: 8021000 | B20: CSAH 10 (Bass Lake Rd) at Regent Ave | C20: 1st Calibration | D20: 46034 | E20: 0.625 | F20: -0.7354 | G20: -0.2353 | H20: -1.2621 | I20: 0 | J20: -0.5882 | K20: -0.1538 | L20: -0.2408 | M20: 0 | N20: 0 | O20: -1.2621 | P20: 0 | Q20: 0 | R20: 0 | S20: 0 | T20: -0.6667 | U20: 0 | V20: -0.5714 | Y20: Collected By: | AA20: Sauharda Shrestha
A21: 8029100 | B21: CSAH 10 (Bass Lake Rd) at Sherburne Ave | C21: 1st Calibration | D21: 46034 | E21: 0.64583333 | F21: -0.4701 | G21: -0.6627 | H21: -0.1963 | I21: -0.2143 | J21: 0.25 | K21: -0.7826 | L21: -0.6667 | M21: 0 | N21: -0.2439 | O21: -0.1916 | P21: 0 | Q21: -1.3846 | R21: 0 | S21: 0.1463 | T21: 0.1538 | U21: 2 | V21: 0 | Y21: Collected By: | AA21: Sauharda Shrestha
A22: 8013500 | B22: CSAH 10 (Bass Lake Rd) at Shingle Creek Pkwy | C22: 1st Calibration | D22: 45320 | E22: off-peak | F22: 0.0088345226 | G22: 0.047407407 | H22: -0.044806517 | I22: 0.064516129 | J22: 0.0036429872 | K22: 0.19704433 | L22: -0.019889503 | M22: 0.051282051 | N22: -0.016260163 | O22: -0.039113429 | P22: -0.13043478 | Q22: -1.4285714 | R22: 0.75 | S22: 0.051282051 | T22: -0.88607595 | U22: 0.72340426 | V22: 0.010638298
A23: 8031600 | B23: CSAH 10 (Bass Lake Rd) at Sycamore Ln / Prudential Bldg - Master Controller | C23: 1st Calibration | D23: 46028 | E23: off-peak | F23: 0.0132 | G23: 0.0541 | H23: -0.0102 | I23: 0.1935 | J23: -0.084 | K23: -0.1639 | L23: 0.0941 | M23: 0.2857 | N23: 0 | O23: -0.0364 | P23: 0.1429 | Q23: 0.2857 | R23: -0.1333 | S23: 2 | T23: -0.125 | U23: 0 | V23: -0.0741 | Y23: Collected By: | AA23: Sauharda Shrestha
A24: 8052700 | B24: CSAH 10 (Bass Lake Rd) at Vicksburg Ln | C24: 1st Calibration | D24: 46036 | E24: 0.48958333 | F24: -0.0592 | G24: -0.2364 | H24: 0.0441 | I24: 0.0759 | J24: 0 | K24: 0 | L24: -0.4052 | M24: 0.2857 | N24: -0.1176 | O24: 0.0592 | P24: 0.1667 | Q24: 0.1538 | R24: 0.125 | S24: 0 | T24: 0 | U24: 0 | V24: 0 | Y24: Collected By: | AA24: Sauharda Shrestha
A25: 8005200 | B25: CSAH 10 (Bass Lake Rd) at Xerxes Ave N | C25: 1st Calibration | D25: 45322 | E25: off-peak | F25: -0.032454361 | G25: -0.015174507 | H25: -0.059405941 | I25: -0.024242424 | J25: -0.014492754 | K25: 1.3009709 | L25: -1.4551971 | M25: -0.084507042 | N25: -0.028169014 | O25: -0.15172414 | P25: 0.50847458 | Q25: -0.625 | R25: 0.077922078 | S25: 0 | T25: -0.66666667 | U25: 0.0097560976 | V25: -0.030769231
A26: 8024100 | B26: CSAH 10 (Bass Lake Rd) at Zachary Ln BACKHAUL | C26: 1st Calibration | D26: 46030 | E26: AM | F26: 0.0577 | G26: 0.0641 | H26: 0.1484 | I26: -0.1654 | J26: 0 | K26: 0.6667 | L26: 0.0496 | M26: 0.1754 | N26: -0.1333 | O26: 0.1818 | P26: 0 | Q26: -0.0952 | R26: -2 | S26: -0.1493 | T26: 0 | U26: 0 | V26: 0 | Y26: Collected By: | AA26: Sauharda Shrestha
A27: 8056000 | B27: CSAH 10 (County Road 10) at CSAH 116 (Fletcher Ln) | C27: 1st Calibration | D27: 46031 | E27: AM | F27: -0.0334 | G27: 0.016 | H27: -0.1765 | I27: 0.1935 | J27: -0.1654 | K27: 0 | L27: 0.1463 | M27: -0.3 | N27: -0.1538 | O27: 0 | P27: -0.7692 | Q27: 0.25 | R27: 0.1875 | S27: 0.1538 | T27: 0 | U27: -0.0935 | V27: -2 | Y27: Collected By | AA27: Sauharda Shrestha
A28: 8040000 | B28: CSAH 101 (Central Ave) at 14th Ave N - Master Controller | C28: NA | D28: NA | E28: NA
A29: 8035100 | B29: CSAH 101 (Central Ave) at Wayzata Blvd - Master Controller | C29: NA | D29: NA | E29: NA
A30: 8049100 | B30: CSAH 101 (County Rd 101) at Hutchins Dr | C30: NA | D30: NA | E30: NA
A31: 8049200 | B31: CSAH 101 (County Rd 101) at Seven Hi Drive (Cub Foods) | C31: NA | D31: NA | E31: NA
A32: 8054500 | B32: CSAH 101 (County Road 101) at Medina Rd BACKHAUL | C32: NA | D32: NA | E32: NA
A33: 8056300 | B33: CSAH 101 (County Road 101) at Ridgewood Rd | C33: NA | D33: NA | E33: NA
A34: 8046600 | B34: CSAH 101 at Lake Street Extension | C34: NA | D34: NA | E34: NA
A35: 8008600 | B35: CSAH 102 (Douglas Dr) at 36th Ave N | C35: NA | D35: NA | E35: NA
A36: 8017900 | B36: CSAH 102 (Douglas Dr) at 47th Ave N | C36: NA | D36: NA | E36: NA
A37: 8010300 | B37: CSAH 103 (West Broadway) at Candlewood Dr | C37: NA | D37: NA | E37: NA
A38: 8024500 | B38: CSAH 103 (West Broadway) at CSAH 130 / CSAH 152 (Brooklyn Blvd) - Master Controller | C38: 1st | D38: 45321 | E38: AM | F38: 0.0135318 | G38: 0.0099009901 | H38: 0.026557712 | I38: -0.014925373 | J38: 0.022116904 | K38: -0.067114094 | L38: 0.029363785 | M38: 0 | N38: -0.014184397 | O38: 0.272 | P38: -2 | Q38: 0 | R38: 0.23280423 | S38: -0.97959184 | T38: 0 | U38: 0.53023256 | V38: -2
A39: 8037100 | B39: CSAH 103 (West Broadway) at Dragon Star Supermarket/Rainbow Foods Driveway | C39: NA | D39: NA | E39: NA
A40: 9010810 | B40: CSAH 103 (West Broadway) at Oak Grove Pkwy | C40: NA | D40: NA | E40: NA
A41: 8057750 | B41: CSAH 103 (Winnetka Ave N) at 109th Ave N | C41: NA | D41: NA | E41: NA
A42: 8051900 | B42: CSAH 109 (85th Ave N) at Edinbrook Pkwy N | C42: NA | D42: NA | E42: NA
A43: 8048700 | B43: CSAH 109 (85th Ave N) at Logan Ave N/ Edinbugh Center Dr | C43: NA | D43: NA | E43: NA
A44: 8040200 | B44: CSAH 109 (85th Ave N) at NHCC Entrance - Master Controller | C44: NA | D44: NA | E44: NA
A45: 8042200 | B45: CSAH 109 (85th Ave N) at Regent Ave N | C45: 1st Calibration | D45: NA | E45: NA
A46: 8042300 | B46: CSAH 109 (85th Ave N) at Xerxes Ave N | C46: NA | D46: NA | E46: NA
A47: 8030200 | B47: CSAH 109 (Weaver Lake Rd) at 83rd Way N | C47: NA | D47: NA | E47: NA
A48: 8032400 | B48: CSAH 109 (Weaver Lake Rd) at CSAH 130 (Elm Creek) - Master Controller | C48: NA | D48: NA | E48: NA
A49: 8052300 | B49: CSAH 110 (Commerce Blvd) at Sunnyfield Rd E | C49: NA | D49: NA | E49: NA
A50: 8047000 | B50: CSAH 110 (Commerce Blvd) at Three Points Blvd | C50: NA | D50: NA | E50: NA
... A69: 8039800 | B69: CSAH 14 (Douglas Dr) at 109th Ave N - Master Controller | C69: NA | D69: NA | E69: NA
A70: 8016800 | B70: CSAH 14 (Zane Ave) at CSAH 109 (85th Ave N) | C70: 1st | D70: 45336 | E70: off-peak | F70: -0.089015925 | G70: -0.044393853 | H70: 0.011409943 | I70: -0.11227402 | J70: -0.29432213 | K70: -0.12429379 | L70: 0 | M70: -0.14225941 | N70: -0.017094017 | O70: 0.26086957 | P70: -2 | Q70: -0.022988506 | R70: 0.033240997 | S70: -2 | T70: 0.038834951 | U70: 0.0076628352 | V70: -1.9703704
A71: 8025700 | B71: CSAH 14 (Zane Ave) at CSAH 152 (Brooklyn Blvd) - Master Controller | C71: NA | D71: NA | E71: NA
A72: 8032000 | B72: CSAH 14 (Zane Ave) at CSAH 30 (93rd Ave N) | C72: NA | D72: NA | E72: NA
A73: 8055100 | B73: CSAH 14 (Zane Ave) at Oak Grove Pkwy (97th Ave) | C73: NA | D73: NA | E73: NA
A74: 8057970 | B74: CSAH 144 (141st Ave N) at James Rd/Rogers Dr | C74: NA | D74: NA | E74: NA
A75: 8057965 | B75: CSAH 144 (141st Ave N) at Northdale Blvd | C75: NA | D75: NA | E75: NA
A76: 8055800 | B76: CSAH 144 (141st Ave N) at Rogers High School W Entr | C76: NA | D76: NA | E76: NA
A77: 8036600 | B77: CSAH 15 (Lynwood Blvd) at CSAH 110 (Commerce Blvd) | C77: NA | D77: NA | E77: NA
A78: 8017200 | B78: CSAH 15 (Shoreline Dr) at CSAH 125 (Interlachen Rd) - Master Controller | C78: NA | D78: NA | E78: NA
A79: 8013200 | B79: CSAH 15 (Shoreline Dr) at CSAH 19 (Shadywood Rd) | C79: NA | D79: NA | E79: NA
A80: 8031700 | B80: CSAH 15 (Shoreline Dr) at CSAH 51 (Sunset Dr) | C80: NA | D80: NA | E80: NA
A81: 8026800 | B81: CSAH 152 (Brooklyn Blvd / Osseo Rd) at 49th Ave N BACKHAUL | C81: NA | D81: NA | E81: NA
A82: 8025900 | B82: CSAH 152 (Brooklyn Blvd) at 55th Ave N | C82: NA | D82: NA | E82: NA
... A88: 8042600 | B88: CSAH 152 (Brooklyn Blvd) at Jolly Lane | C88: NA | D88: NA | E88: NA
A89: 8042700 | B89: CSAH 152 (Brooklyn Blvd) at Kentucky Ave N BACKHAUL | C89: 1st | D89: 45309 | E89: AM | F89: -0.054458089 | G89: -0.091152815 | H89: -0.036208733 | I89: -0.02020202 | J89: 0.02247191 | K89: 0 | L89: -0.095791001 | M89: -0.22222222 | N89: 0.066666667 | O89: -0.043583535 | P89: -0.037735849 | Q89: 0.040816327 | R89: 0 | S89: -0.090909091 | T89: 0.046511628 | U89: 0.5 | V89: -0.10526316
A90: 8026600 | B90: CSAH 152 (Brooklyn Blvd) at Noble Ave / 71st Ave | C90: NA | D90: NA | E90: NA
A91: 8038300 | B91: CSAH 152 (Brooklyn Blvd) at Unity Ave N | C91: NA | D91: NA | E91: NA
A92: 8026500 | B92: CSAH 152 (Brooklyn Blvd) at Welcome Ave N | C92: 1st | D92: 45321 | E92: off-peak | F92: -0.06955775 | G92: 0.042105263 | H92: -0.4516129 | I92: -0.13160334 | J92: -0.013605442 | K92: -0.057142857 | L92: 0.10526316 | M92: 0.18181818 | N92: 0 | O92: 0 | P92: -0.73684211 | Q92: 0 | R92: -0.045174538 | S92: -1.6065574 | T92: 0.071428571 | U92: -0.018848168 | V92: 0
A93: 8032700 | B93: CSAH 153 (Kenzie Ter) at Kenzington Apts | C93: NA | D93: NA | E93: NA
A94: 8006100 | B94: CSAH 156 (Winnetka Ave N) at Golden Valley Rd | C94: NA | D94: NA | E94: NA
A95: 8025400 | B95: CSAH 156 (Winnetka Ave) at 10th Ave N - Master Controller | C95: NA | D95: NA | E95: NA
A96: 8022000 | B96: CSAH 156 (Winnetka Ave) at 32nd Ave N | C96: NA | D96: NA | E96: NA
A97: 8010200 | B97: CSAH 156 (Winnetka Ave) at 36th Ave N | C97: NA | D97: NA | E97: NA
A98: 8054700 | B98: CSAH 158 (Gleason Rd) at Vernon Ave S | C98: NA | D98: NA | E98: NA
A99: 8008800 | B99: CSAH 158 (Vernon Ave) at Interlachen Blvd | C99: NA | D99: NA | E99: NA
A100: 8009500 | B100: CSAH 17 (France Ave) at 58th St S | C100: NA | D100: NA | E100: NA
A101: 8005700 | B101: CSAH 17 (France Ave) at 65th St W | C101: NA | D101: NA | E101: NA
A102: 8007100 | B102: CSAH 17 (France Ave) at 84th St W BACKHAUL | C102: NA | D102: NA | E102: NA
A103: 8027600 | B103: CSAH 17 (France Ave) at I-494 N Ramp / 78th St | C103: NA | D103: NA | E103: NA
A104: 8054100 | B104: CSAH 19 (Manitou Rd) at Smithtown Rd | C104: NA | D104: NA | E104: NA
... A112: 8054900 | B112: CSAH 28 (E Bush Lake Rd) at American Blvd / Green Valley Dr | C112: NA | D112: NA | E112: NA
A113: 8023900 | B113: CSAH 3 (Excelsior Blvd) at 17th Ave S | C113: 1st | D113: 45321 | E113: off-peak | F113: -0.043070127 | G113: 0 | H113: -0.087936866 | I113: NA | J113: 0 | K113: 0.16666667 | L113: -0.011363636 | M113: NA | N113: NA | O113: -0.10012837 | P113: 0 | Q113: NA | R113: NA | S113: NA | T113: -0.021978022 | U113: NA | V113: 0.024691358
A114: 8023100 | B114: CSAH 3 (Excelsior Blvd) at 8th Ave S | C114: NA | D114: NA | E114: NA
A115: 8002100 | B115: CSAH 3 (Excelsior Blvd) at Brookside Ave / Alabama Ave S BACKHAUL | C115: 1st | D115: 03/17/202511:45 to 12 | E115: off-peak | F115: -0.0436 | G115: -0.0339 | H115: -0.0292 | I115: -0.3226 | J115: -0.0308 | K115: 0 | L115: -0.0377 | M115: 0 | N115: 0.24 | O115: -0.0556 | P115: 0 | Q115: -0.4 | R115: 2 | S115: -0.4 | T115: -0.1429 | U115: 0.1538 | V115: 0
A116: 8002000 | B116: CSAH 3 (Excelsior Blvd) at CSAH 20 (Blake Rd) | C116: NA | D116: NA | E116: NA
A117: 8018200 | B117: CSAH 3 (Excelsior Blvd) at CSAH 60 (Baker Rd) | C117: NA | D117: NA | E117: NA
A118: 8056200 | B118: CSAH 3 (Excelsior Blvd) at Jackson Ave N / Milwaukee St | C118: NA | D118: NA | E118: NA
A119: 8050600 | B119: CSAH 30 (93rd Ave) at CSAH 103 (West Broadway) | C119: NA | D119: NA | E119: NA
A120: 9010720 | B120: CSAH 30 (93rd Ave) at CSAH 121 (Maple Grove Pkwy) | C120: NA | D120: NA | E120: NA
A121: 8057150 | B121: CSAH 30 (93rd Ave) at Lawndale Ln N | C121: NA | D121: NA | E121: NA
A122: 8057100 | B122: CSAH 30 (93rd Ave) at Troy Ln N | C122: NA | D122: NA | E122: NA
A123: 8054800 | B123: CSAH 30 (93rd Ave) at Upland Ln N | C123: NA | D123: NA | E123: NA
A124: 8055900 | B124: CSAH 30 (97th Ave) at CSAH 101 (Brockton Ln N) | C124: NA | D124: NA | E124: NA
A125: 8015400 | B125: CSAH 30 (97th Ave) at CSAH 116 (Fletcher Ln) BACKHAUL | C125: 1st | D125: 45322 | E125: AM | F125: -0.06377551 | G125: 0.04040404 | H125: -0.32227488 | I125: 0.084507042 | J125: -0.044776119 | K125: 0.42857143 | L125: 0.022222222 | M125: 0 | N125: 0.021978022 | O125: -0.25605536 | P125: -1.5238095 | Q125: 0.14285714 | R125: 0.08 | S125: 0.075471698 | T125: 0.033333333 | U125: -0.13333333 | V125: 0.15384615
A126: 8047700 | B126: CSAH 31 (York Ave) at Southdale Exit | C126: NA | D126: NA | E126: NA
A127: 8009700 | B127: CSAH 32 (Penn Ave) at 64th St W / Fire Station | C127: NA | D127: NA | E127: NA
A128: 8004400 | B128: CSAH 32 (Penn Ave) at 76th St W | C128: NA | D128: NA | E128: NA
A129: 8055000 | B129: CSAH 32 (Penn Ave) at 78th / Best Buy Entr | C129: NA | D129: NA | E129: NA
A130: 8043600 | B130: CSAH 32 (Penn Ave) at 7900 Driveway | C130: NA | D130: NA | E130: NA
...

Sheet Baseline
A1: ID | B1: Intersection | C1: IP | D1: Date | E1: Time of Day | F1: Total | G1: EB Total | H1: WB Total | I1: NB Total | J1: SB Total | K1: EBL | L1: EBT | M1: EBR | N1: WBL | O1: WBT | P1: WBR | Q1: NBL | R1: NBT | S1: NBR | T1: SBL | U1: SBT | V1: SBR
A2: 8059100 | B2: CR 101 (Brockton Ln) at Dayton Parkway | C2: 192.168.136.9 | D2: 45839 | E2: 0.625 | F2: -0.0073 | G2: 0 | H2: 0.0146 | I2: 0.0396 | J2: -0.0667 | K2: 0 | L2: 0 | M2: 0 | N2: 0.0328 | O2: 0 | P2: 0 | Q2: 0.1538 | R2: 0.0225 | S2: 0.04 | T2: -0.1573 | U2: 0 | V2: 2 | X2: Collected By: | Z2: Sauharda Shrestha
A3: 8008400 | B3: CSAH 1 (Old Shakopee Rd) at CSAH 17 (France Ave) | C3: 192.168.36.76 | D3: 45118 | E3: AM | F3: 0.015607581 | G3: 0.0062695925 | H3: 0.049689441 | I3: -0.019417476 | J3: -0.013071895 | K3: -0.025974026 | L3: 0.034482759 | M3: -0.4 | N3: -0.85714286 | O3: 0.18791946 | P3: -2 | Q3: -0.14285714 | R3: 0.42622951 | S3: -1.7142857 | T3: 0 | U3: 0.11320755 | V3: -0.14285714
A4: 8018400 | B4: CSAH 1 (Old Shakopee Rd) at CSAH 34 (Normandale Blvd) | C4: 192.168.47.201 | D4: 45379 | E4: off-peak | F4: -0.28043306 | G4: -0.26849315 | H4: -0.0076394194 | I4: -0.36866359 | J4: -0.85616438 | K4: -1.1873016 | L4: 0.10760668 | M4: -2 | N4: -0.46464646 | O4: 0.20540541 | P4: -1.92 | Q4: -0.068965517 | R4: -0.018518519 | S4: -2 | T4: -0.073170732 | U4: -0.02247191 | V4: -2
A5: 8044600 | B5: CSAH 1 (Old Shakopee Rd) at Nesbitt Ave | C5: 192.168.47.169 | D5: 45114 | E5: AM | F5: -0.41691843 | G5: -0.32727273 | H5: -0.54961832 | I5: -0.55555556 | J5: -0.11764706 | K5: 0 | L5: -0.30463576 | M5: -2 | N5: 0 | O5: -0.62608696 | P5: 0 | Q5: -0.33333333 | R5: 1 | S5: -2 | T5: 0.22222222 | U5: 0 | V5: -0.28571429
A6: 8022400 | B6: CSAH 1 (Old Shakopee Rd) at Xerxes Ave S | C6: 192.168.47.233 | D6: 45350 | E6: off-peak | F6: -0.31742243 | G6: -0.45673759 | H6: -0.14439324 | I6: -0.43902439 | J6: -0.10810811 | K6: 0.92307692 | L6: -0.28183362 | M6: -2 | N6: 0 | O6: -0.15088283 | P6: 0 | Q6: -0.475 | R6: -0.4 | S6: -0.32258065 | T6: -1 | U6: 0.044444444 | V6: 0.11764706
A7: 8052100 | B7: CSAH 1 (Pioneer Trail) at Bennett Place | C7: 192.168.122.233 | D7: 45772 | E7: 0.32291667 | F7: -0.0335 | G7: -0.0651 | H7: -0.0241 | I7: 0.0351 | J7: 0 | K7: 0 | L7: -0.069 | M7: 0 | N7: 0 | O7: -0.026 | P7: 0 | Q7: 0 | R7: 0.6667 | S7: 0 | T7: 0 | U7: 0 | V7: 0 | X7: Collected by: | Z7: Sauharda Shrestha
A8: 8037200 | B8: CSAH 1 (Pioneer Trail) at CSAH 4 (Eden Prairie Rd) | C8: 192.168.122.105 | D8: 45391 | E8: off-peak | F8: -0.019 | G8: 0.2052506 | H8: -0.056338028 | I8: -0.171875 | J8: -0.079136691 | K8: 0.35294118 | L8: 0.008097166 | M8: 0.79245283 | N8: 0.5 | O8: -0.20689655 | P8: 0.097777778 | Q8: -0.057142857 | R8: -0.02955665 | S8: -2 | T8: -0.1 | U8: -0.053571429 | V8: -0.090909091 | X8: Collected by: | Z8: Sauharda Shrestha
A9: 8057300 | B9: CSAH 1 (Pioneer Trail) at CSAH 61 (Flying Cloud Dr) | C9: 192.168.114.41 | D9: 45119 | E9: AM | F9: 0.0053191489 | G9: -0.023529412 | H9: 0.036630037 | I9: -0.025316456 | J9: 0.013245033 | K9: -0.039215686 | L9: 0.088495575 | M9: -2 | N9: 0 | O9: 0.054054054 | P9: 0.025316456 | Q9: 0 | R9: 0.15602837 | S9: -2 | T9: -0.046511628 | U9: 0.71604938 | V9: -2 | X9: Collected by: | Z9: Sauharda Shrestha
A10: 8051400 | B10: CSAH 1 (Pioneer Trail) at Dell Rd | C10: 192.168.122.73 | D10: 45776 | E10: 0.34375 | F10: -0.0596 | G10: 0.0606 | H10: -0.0417 | I10: -0.3429 | J10: -0.0282 | K10: 0.0339 | L10: 0.0822 | M10: 0 | N10: -0.2222 | O10: -0.0465 | P10: 0 | Q10: 0 | R10: -0.0377 | S10: -1.6923 | T10: -0.069 | U10: 0 | V10: 0 | X10: Collected by: | Z10: Sauharda Shrestha | AA10: Shrestha
A11: 8037400 | B11: CSAH 1 (Pioneer Trail) at Franlo Rd | C11: 192.168.123.9 | D11: 45777 | E11: 0.32291667 | F11: -0.2278 | G11: -0.2353 | H11: -0.2353 | I11: -0.3158 | J11: 0 | K11: -0.2857 | L11: -0.2394 | M11: 0 | N11: -0.1818 | O11: -0.2081 | P11: -1.3333 | Q11: -0.6667 | R11: 0.2857 | S11: 0 | T11: -2 | U11: 1.1429 | V11: 0 | X11: Collected By: | Z11: Sauharda Shrestha
A12: 8037300 | B12: CSAH 1 (Pioneer Trail) at Homeward Hills Rd | C12: 192.168.122.201 | D12: 45778 | E12: 0.32291667 | F12: -0.0159 | G12: 0.0153 | H12: -0.013 | I12: -0.0556 | J12: -0.1 | K12: 0 | L12: 0.0185 | M12: 0 | N12: -0.3529 | O12: 0.063 | P12: -0.3784 | Q12: -0.0328 | R12: 0.0952 | S12: -0.2439 | T12: -0.087 | U12: 0 | V12: -2 | X12: Collected by: | Z12: Sauharda Shrestha
A13: 8048500 | B13: CSAH 1 (Pioneer Trail) at Mitchell Rd | C13: 192.168.122.137 | D13: 45812 | E13: 0.63541667 | F13: -0.011 | G13: -0.0426 | H13: 0.0164 | I13: 0.0952 | J13: -0.0465 | K13: -1.4286 | L13: 0 | M13: 0 | N13: 0 | O13: 0.0174 | P13: 0 | Q13: 0 | R13: 0.2222 | S13: 0 | T13: 0 | U13: -0.1538 | V13: 0 | X13: Collected by: | Z13: Sauharda Shrestha
A14: 8052000 | B14: CSAH 1 (Pioneer Trail) at Staring Lake Parkway | C14: 192.168.122.169 | D14: 45812 | E14: 0.35416667 | F14: -0.0706 | G14: -0.0578 | H14: 0.0134 | I14: -2 | J14: -0.75 | K14: 0 | L14: -0.0621 | M14: 0 | N14: 0 | O14: 0.0142 | P14: 0 | Q14: 0 | R14: 0 | S14: -2 | T14: 0.2222 | U14: 0 | V14: -2 | X14: Collected by: | Z14: Sauharda Shrestha
A15: 8015500 | B15: CSAH 10 (Bass Lake Rd) at Boone Ave | C15: 192.168.45.233 | D15: 45119 | E15: off-peak | F15: -0.04485555 | G15: -0.40837696 | H15: -0.041335453 | I15: 0 | J15: 0 | K15: -0.4 | L15: -0.41577061 | M15: 0 | N15: 0 | O15: -0.042553191 | P15: 0 | Q15: 0 | R15: 0 | S15: 0 | T15: 0 | U15: 0 | V15: 0
A16: 8025600 | B16: CSAH 10 (Bass Lake Rd) at CSAH 152 (Brooklyn Blvd) - Master Controller | C16: 192.168.23.76 | D16: 45117 | E16: AM | F16: -0.036697248 | G16: -0.06557377 | H16: -0.15652174 | I16: 0.054644809 | J16: -0.034188034 | K16: 0 | L16: -0.14084507 | M16: 0.074074074 | N16: 0 | O16: -0.11764706 | P16: -0.24390244 | Q16: 0.068965517 | R16: 0 | S16: 0.33333333 | T16: -0.074074074 | U16: -0.5625 | V16: 1.3076923
A17: 8043800 | B17: CSAH 10 (Bass Lake Rd) at International Pkwy / Gettysburg Ave | C17: 192.168.45.201 | D17: 45098 | E17: AM | F17: -0.38228056 | G17: 0 | H17: 0 | I17: -0.13682093 | J17: -0.097794823 | K17: -0.095238095 | L17: 0.076923077 | M17: 0.15384615 | N17: -0.1025641 | O17: 0.14285714 | P17: 0 | Q17: -0.18181818 | R17: -0.12446352 | S17: -0.35294118 | T17: -0.035087719 | U17: -0.11510791 | V17: -0.021052632
A18: 8013100 | B18: CSAH 10 (Bass Lake Rd) at Jersey Ave | C18: 192.168.46.73 | D18: 45098 | E18: AM | F18: -0.17454689 | G18: 0.020477816 | H18: -0.020876827 | I18: 0.086021505 | J18: 0 | K18: -0.095238095 | L18: 0.025862069 | M18: 0.01980198 | N18: 0.1 | O18: -0.024691358 | P18: -0.11764706 | Q18: 0.097560976 | R18: 0.125 | S18: 0.055555556 | T18: -0.083333333 | U18: 0.046511628 | V18: 0.10526316
A19: 8038800 | B19: CSAH 10 (Bass Lake Rd) at Nathan Ln | C19: 192.168.45.169 | D19: 45110 | E19: PM | F19: -0.20026702 | G19: -0.26022305 | H19: 0.0054200542 | I19: -0.84444444 | J19: -0.28571429 | K19: 0 | L19: -0.25327511 | M19: -0.375 | N19: -0.08 | O19: 0.051948052 | P19: -0.90909091 | Q19: 0 | R19: -0.4 | S19: -1.3454545 | T19: -0.18181818 | U19: 0.4 | V19: -1.2
A20: 8021000 | B20: CSAH 10 (Bass Lake Rd) at Regent Ave | C20: 192.168.46.137 | D20: 45104 | E20: PM | F20: -0.37333333 | G20: -0.25149701 | H20: -0.58823529 | I20: 0 | J20: 0 | K20: -0.5 | L20: -0.23899371 | M20: 0 | N20: 0 | O20: -0.58823529 | P20: 0 | Q20: 0 | R20: 0 | S20: 0 | T20: 0 | U20: 0 | V20: 0
A21: 8029100 | B21: CSAH 10 (Bass Lake Rd) at Sherburne Ave | C21: 192.168.46.105 | D21: 45125 | E21: PM | F21: -0.034766697 | G21: -0.028747433 | H21: -0.0076335878 | I21: -0.37037037 | J21: 0 | K21: 0 | L21: -0.027027027 | M21: -0.086956522 | N21: -0.025316456 | O21: -0.0093023256 | P21: 0.13333333 | Q21: 0 | R21: -0.66666667 | S21: -0.41860465 | T21: -0.10526316 | U21: 0.4 | V21: 0
A22: 8013500 | B22: CSAH 10 (Bass Lake Rd) at Shingle Creek Pkwy | C22: 192.168.46.233 | D22: 45112 | E22: off-peak | F22: 0.25917215 | G22: -0.015174507 | H22: -0.059405941 | I22: -0.024242424 | J22: -0.014492754 | K22: 1.3009709 | L22: -1.4551971 | M22: -0.084507042 | N22: -0.028169014 | O22: -0.15172414 | P22: 0.50847458 | Q22: -0.625 | R22: 0.077922078 | S22: 0 | T22: -0.66666667 | U22: 0.0097560976 | V22: -0.030769231
A23: 8031600 | B23: CSAH 10 (Bass Lake Rd) at Sycamore Ln / Prudential Bldg - Master Controller | C23: 192.168.45.41 | D23: 45348 | E23: off-peak | F23: -0.13111727 | G23: -0.14925373 | H23: -0.15115005 | I23: 0 | J23: -0.041884817 | K23: -0.31304348 | L23: -0.091338583 | M23: 0 | N23: 0 | O23: -0.049382716 | P23: -0.95145631 | Q23: 0 | R23: 0 | S23: 0 | T23: -0.14285714 | U23: 0 | V23: -0.013422819
A24: 8052700 | B24: CSAH 10 (Bass Lake Rd) at Vicksburg Ln | C24: 192.168.27.233 | D24: 45355 | E24: off-peak | F24: -0.062145366 | G24: -0.1321267 | H24: -0.029069767 | I24: -0.019310345 | J24: -0.060606061 | K24: -0.96875 | L24: -0.025641026 | M24: -0.010152284 | N24: -0.10126582 | O24: -0.014285714 | P24: -0.081632653 | Q24: -0.19672131 | R24: 0.67741935 | S24: -2 | T24: -0.23076923 | U24: 0.75714286 | V24: -1.963964
A25: 8005200 | B25: CSAH 10 (Bass Lake Rd) at Xerxes Ave N | C25: 192.168.46.169 | D25: 45098 | E25: off-peak | F25: 0.0144 | G25: 0.012711864 | H25: 0.021024967 | I25: -0.04214876 | J25: -0.20801317 | K25: -0.16197183 | L25: 0.088693957 | M25: -0.25471698 | N25: -0.096385542 | O25: 0.044491525 | P25: -0.004040404 | Q25: -0.072202166 | R25: 0.031210986 | S25: -0.42424242 | T25: -0.16235632 | U25: 0.013812155 | V25: -0.68656716
A26: 8024100 | B26: CSAH 10 (Bass Lake Rd) at Zachary Ln BACKHAUL | C26: 192.168.45.137 | D26: 45110 | E26: AM | F26: -0.31635389 | G26: -0.50632911 | H26: -0.18439716 | I26: -0.18181818 | J26: 0 | K26: -0.66666667 | L26: -0.58646617 | M26: 0 | N26: -0.31578947 | O26: -0.091743119 | P26: -0.76923077 | Q26: -1.3846154 | R26: 1.2 | S26: -2 | T26: 0 | U26: 0 | V26: 0
... A28: 8040000 | B28: CSAH 101 (Central Ave) at 14th Ave N - Master Controller | C28: 192.168.20.76 | D28: 45350 | E28: off-peak | F28: -0.24768946 | G28: -0.064516129 | H28: -1.0447761 | I28: -0.12639405 | J28: -0.3552 | K28: -0.090909091 | L28: -0.46153846 | M28: 0.029850746 | N28: -2 | O28: -0.4 | P28: -0.8 | Q28: -0.44897959 | R28: -0.10584958 | S28: -0.1 | T28: 0 | U28: -0.39160839 | V28: 0.064516129
A29: 8035100 | B29: CSAH 101 (Central Ave) at Wayzata Blvd - Master Controller | C29: 192.168.130.9 | D29: 45813 | E29: 0.625 | F29: 0.0222 | G29: 0.0285 | H29: 0.0406 | I29: -0.3529 | J29: 0.0064 | K29: 0 | L29: 0.0386 | M29: 0 | N29: 0 | O29: 0.0659 | P29: 0 | Q29: 0 | R29: 0 | S29: -0.8572 | T29: -0.0964 | U29: 0.5885 | V29: 0.0615 | X29: Collected by: | Z29: Sauharda | AA29: Shrestha
A30: 8049100 | B30: CSAH 101 (County Rd 101) at Hutchins Dr | C30: 192.168.131.9 | D30: 45817 | E30: 0.52083333 | F30: -0.0885 | G30: -0.1235 | H30: 0.069 | I30: -0.2205 | J30: 0.0197 | K30: -0.4762 | L30: 0.6667 | M30: 0.2222 | N30: 0 | O30: 0.1176 | P30: 0 | Q30: 0 | R30: -0.2578 | S30: 0 | T30: 0.1429 | U30: 0.0083 | V30: 0 | X30: Collected By: | Z30: Sauharda | AA30: Shrestha
A31: 8049200 | B31: CSAH 101 (County Rd 101) at Seven Hi Drive (Cub Foods) | C31: 192.168.130.233 | D31: 45323 | E31: off-peak | F31: -0.091240344 | G31: -0.036036036 | H31: -0.011363636 | I31: -0.6391545 | J31: -0.040114613 | K31: -0.027548209 | L31: -0.24615385 | M31: -0.0071513707 | N31: 0.019417476 | O31: -0.24113475 | P31: 0 | Q31: -0.6119403 | R31: -0.15122873 | S31: -1.9898219 | T31: -0.010152284 | U31: -0.050655022 | V31: -0.038834951
A32: 8054500 | B32: CSAH 101 (County Road 101) at Medina Rd BACKHAUL | C32: 192.168.20.11 | D32: 45295 | E32: PM | F32: 0.047722343 | G32: 0.052631579 | H32: 0.090909091 | I32: 0.014814815 | J32: 0.058252427 | K32: 0.20689655 | L32: -0.57142857 | M32: 0 | N32: 0 | O32: -0.25 | P32: 0.30769231 | Q32: 0.66666667 | R32: 0 | S32: 0 | T32: 0.054054054 | U32: 0.060606061 | V32: 0.054054054
A33: 8056300 | B33: CSAH 101 (County Road 101) at Ridgewood Rd | C33: 192.168.130.201 | D33: 45357 | E33: off-peak | F33: -0.40416048 | G33: 0.028985507 | H33: NA | I33: -0.2891933 | J33: -0.64972777 | K33: -0.033898305 | L33: 2 | M33: 0.051282051 | N33: NA | O33: NA | P33: NA | Q33: 0 | R33: -0.31301483 | S33: NA | T33: NA | U33: -0.77637131 | V33: 0.12987013
A34: 8046600 | B34: CSAH 101 at Lake Street Extension | C34: 192.168.130.169 | D34: 45113 | E34: AM | F34: -0.28824834 | G34: -0.28571429 | H34: -0.036363636 | I34: -0.5025641 | J34: -0.1443299 | K34: 0 | L34: 0 | M34: -0.66666667 | N34: -0.28571429 | O34: 0.4 | P34: 0.18181818 | Q34: -0.28571429 | R34: -0.62420382 | S34: 0.064516129 | T34: 0 | U34: -0.175 | V34: 0
A35: 8008600 | B35: CSAH 102 (Douglas Dr) at 36th Ave N | C35: 192.168.15.73 | D35: 45100 | E35: AM | F35: -0.1797 | G35: -0.1031 | H35: -0.08 | I35: -0.8276 | J35: -0.1408 | K35: -0.5455 | L35: 0 | M35: -2 | N35: -0.4444 | O35: 0.1579 | P35: -2 | Q35: -0.6667 | R35: 0 | S35: -1.68 | T35: 0 | U35: 0 | V35: -0.5882
A36: 8017900 | B36: CSAH 102 (Douglas Dr) at 47th Ave N | C36: 192.168.15.41 | D36: 45103 | E36: AM | F36: -0.28793774 | G36: -0.35294118 | H36: 0 | I36: -0.31372549 | J36: -0.32142857 | K36: -0.5 | L36: 0.66666667 | M36: -2 | N36: 0 | O36: 0 | P36: 0 | Q36: 0.4 | R36: -0.29787234 | S36: -2 | T36: -0.66666667 | U36: -0.26415094 | V36: -2
A37: 8010300 | B37: CSAH 103 (West Broadway) at Candlewood Dr | C37: 192.168.135.233 | D37: 45378 | E37: off-peak | F37: -0.45208486 | G37: -0.34782609 | H37: NA | I37: -0.26512968 | J37: -0.6919105 | K37: -0.93333333 | L37: 2 | M37: 0.13333333 | N37: NA | O37: NA | P37: NA | Q37: NA | R37: -0.26086957 | S37: -0.32 | T37: 0.44444444 | U37: -0.73309609 | V37: 2
A38: 8024500 | B38: CSAH 103 (West Broadway) at CSAH 130 / CSAH 152 (Brooklyn Blvd) - Master Controller | C38: 192.168.33.172 | D38: 45106 | E38: AM | F38: 0.016973533 | G38: 0.27722251 | H38: 0.059551431 | I38: 3.0065789 | J38: 0.045253863 | K38: 0.84006462 | L38: 0.0048504446 | M38: 0.022222222 | N38: 0.20295203 | O38: 0.035714286 | P38: -0.079365079 | Q38: -1 | R38: 16.666667 | S38: -0.036585366 | T38: -0.47619048 | U38: 0.36627907 | V38: 0.044515103 | X38: Collected by: | Z38: Sauharda Shrestha
A39: 8037100 | B39: CSAH 103 (West Broadway) at Dragon Star Supermarket/Rainbow Foods Driveway | C39: 192.168.51.73 | D39: 45817 | E39: 0.66666667 | F39: -0.1156 | G39: -0.4691 | H39: -0.5556 | I39: -0.0597 | J39: -0.0361 | K39: -0.1053 | L39: 0 | M39: -2 | N39: -0.3333 | O39: 0 | P39: -0.8 | Q39: 0 | R39: -0.0645 | S39: -0.0645 | T39: 0 | U39: -0.0175 | V39: -0.1714 | X39: Collected By: | Z39: Sauharda Shrestha | AA39: Shrestha
A40: 9010810 | B40: CSAH 103 (West Broadway) at Oak Grove Pkwy | C40: 192.168.15.233 | D40: 45818 | E40: 0.625 | F40: 0.0615 | G40: 0 | H40: 0 | I40: 0.1053 | J40: 0.0324 | K40: 0 | L40: 0 | M40: 0 | N40: 0.3784 | O40: -2 | P40: -0.0444 | Q40: -2 | R40: 0.0168 | S40: 0.314 | T40: 0.0625 | U40: 0.0165 | V40: 0 | X40: Collected By: | Z40: Sauharda Shrestha
A41: 8057750 | B41: CSAH 103 (Winnetka Ave N) at 109th Ave N | C41: 192.168.15.201 | D41: 45118 | E41: AM | F41: -0.07960199 | G41: -0.057142857 | H41: 0.03030303 | I41: 0 | J41: -0.33707865 | K41: 0 | L41: -0.028169014 | M41: -0.18181818 | N41: -0.10526316 | O41: 0.17021277 | P41: -0.52631579 | Q41: -0.10526316 | R41: 0.037735849 | S41: 0 | T41: -0.54545455 | U41: 0 | V41: -0.85714286
A42: 8051900 | B42: CSAH 109 (85th Ave N) at Edinbrook Pkwy N | C42: 192.168.17.73 | D42: 45818 | E42: 0.32291667 | F42: 0.4583 | G42: 0.5068 | H42: 0.6719 | I42: 0 | J42: -0.1622 | K42: 0 | L42: 0.5827 | M42: 0 | N42: 0 | O42: 0.6719 | P42: 0 | Q42: 0 | R42: 0 | S42: 0 | T42: -0.125 | U42: -2 | V42: -0.1739 | X42: Collected By: | Z42: Sauharda Shrestha
A43: 8048700 | B43: CSAH 109 (85th Ave N) at Logan Ave N/ Edinbugh Center Dr | C43: 192.168.17.105 | D43: 45769 | E43: 0.34375 | F43: -0.2394 | G43: -0.2881 | H43: -0.1949 | I43: 0 | J43: -0.3273 | K43: -0.2857 | L43: -0.2308 | M43: -2 | N43: 0.1538 | O43: 0.0131 | P43: -1.4483 | Q43: -0.1176 | R43: 0.4 | S43: 0 | T43: 0.1818 | U43: -2 | V43: -0.2222 | X43: collected by: | Z43: Sauharda Shrestha
A44: 8040200 | B44: CSAH 109 (85th Ave N) at NHCC Entrance - Master Controller | C44: 192.168.20.204 | D44: 45112 | E44: AM | F44: -0.23696682 | G44: -0.40650407 | H44: -0.14736842 | I44: -1 | J44: 0 | K44: 0 | L44: -0.38655462 | M44: -1 | N44: 0 | O44: -0.14339623 | P44: -1 | Q44: 0 | R44: 0 | S44: -2 | T44: 0 | U44: 0 | V44: 0
A45: 8042200 | B45: CSAH 109 (85th Ave N) at Regent Ave N | C45: 192.168.20.236 | D45: 45118 | E45: AM | F45: -0.21258134 | G45: -0.11363636 | H45: -0.32432432 | I45: -0.16 | J45: 0.15384615 | K45: -0.11764706 | L45: -0.12987013 | M45: 0.4 | N45: -0.125 | O45: -0.30769231 | P45: -1.5 | Q45: -0.08 | R45: 0.22222222 | S45: -0.5 | T45: 0 | U45: 0 | V45: 0.28571429
A46: 8042300 | B46: CSAH 109 (85th Ave N) at Xerxes Ave N | C46: 192.168.17.41 | D46: 45392 | E46: off-peak | F46: -0.039660057 | G46: -0.11406844 | H46: 0.011376564 | I46: 0.0047732697 | J46: -0.19354839 | K46: -1.2 | L46: 0.22488756 | M46: -2 | N46: -0.018691589 | O46: 0.033282905 | P46: -2 | Q46: -0.0093023256 | R46: 0.28571429 | S46: 0.010152284 | T46: -0.28571429 | U46: -2 | V46: 0
A47: 8030200 | B47: CSAH 109 (Weaver Lake Rd) at 83rd Way N | C47: 192.168.16.41 | D47: 45384 | E47: off-peak | F47: -0.086357039 | G47: -0.11268817 | H47: 0.00089325592 | I47: -0.21754386 | J47: -0.24338624 | K47: -0.17094017 | L47: -0.13051585 | M47: -0.024896266 | N47: -0.029850746 | O47: -0.00099157164 | P47: 0.038709677 | Q47: -0.31700288 | R47: 0.064516129 | S47: -0.15384615 | T47: -0.046511628 | U47: -0.27586207 | V47: -0.26714801
A48: 8032400 | B48: CSAH 109 (Weaver Lake Rd) at CSAH 130 (Elm Creek) - Master Controller | C48: 192.168.31.172 | D48: 45385 | E48: off-peak | F48: -0.093438681 | G48: -0.11790879 | H48: -0.036018957 | I48: -0.097963676 | J48: -0.10069444 | K48: 0 | L48: -0.0084388186 | M48: -0.25590062 | N48: -0.24561404 | O48: -0.049586777 | P48: 0.12093023 | Q48: -0.14015152 | R48: -0.002919708 | S48: -0.36842105 | T48: -0.52406417 | U48: -0.17177914 | V48: 0.30031949
A49: 8052300 | B49: CSAH 110 (Commerce Blvd) at Sunnyfield Rd E | C49: 192.168.129.41 | D49: 45819 | E49: 0.51041667 | F49: -0.0118 | G49: 0.0339 | H49: 0 | I49: -0.0308 | J49: -0.0153 | K49: 0.0833 | L49: 0 | M49: 0 | N49: 0 | O49: 0 | P49: 0 | Q49: -0.1154 | R49: 0.0256 | S49: 0 | T49: 0 | U49: 0 | V49: -0.087 | X49: Collected By: | Z49: Sauharda Shrestha
A50: 8047000 | B50: CSAH 110 (Commerce Blvd) at Three Points Blvd | C50: 192.168.129.9 | D50: 45819 | E50: 0.34375 | F50: -0.0278 | G50: 0 | H50: -0.0889 | I50: -0.03433 | J50: 0.012 | K50: 0 | L50: 0 | M50: 0 | N50: 0 | O50: 0 | P50: -0.1379 | Q50: 0 | R50: -0.0282 | S50: -0.0606 | T50: -0.087 | U50: 0.0278 | V50: 0 | X50: Collected By: | Z50: Sauharda Shrestha
A51: 8012600 | B51: CSAH 12 (Noble Pkwy) at 93rd Ave | C51: 192.168.59.9 | D51: 45391 | E51: off-peak | F51: -0.022739578 | G51: -0.041237113 | H51: 0.018691589 | I51: -0.0076238882 | J51: -0.039525692 | K51: -0.11494253 | L51: 0.18181818 | M51: 0 | N51: 0.15384615 | O51: 0 | P51: -0.029850746 | Q51: -0.052631579 | R51: -0.0058139535 | S51: 0.086956522 | T51: -0.032786885 | U51: -0.048309179 | V51: 0.025974026
A52: 8057925 | B52: CSAH 12 (Noble Pkwy) at Edinbrook Parkway | C52: 192.168.21.108 | D52: 45121 | E52: AM | F52: -0.1259 | G52: NA | H52: -0.52054795 | I52: 0 | J52: -0.059405941 | K52: NA | L52: NA | M52: NA | N52: -0.37037037 | O52: 2 | P52: -0.66666667 | Q52: NA | R52: 0 | S52: 0 | T52: -0.22222222 | U52: -0.024096386 | V52: NA
A53: 9010710 | B53: CSAH 121 (Fernbrook Ln) at Cartway Rd | C53: 192.168.17.137 | D53: 45118 | E53: AM | F53: -0.16666667 | G53: -0.17449664 | H53: -0.11764706 | I53: -2 | J53: 0 | K53: 0 | L53: -0.17687075 | M53: 0 | N53: -2 | O53: 0 | P53: -0.66666667 | Q53: 0 | R53: 0 | S53: -2 | T53: 0 | U53: 0 | V53: 0
A54: 9010695 | B54: CSAH 121 (Maple Grove Pkwy) at 99th Ave / Grove Cir | C54: 192.168.136.41 | D54: 45819 | E54: 0.63541667 | F54: -0.1952 | G54: -0.3696 | H54: -0.0403 | I54: -0.0975 | J54: -0.3116 | K54: -0.5743 | L54: -0.3784 | M54: 0.087 | N54: -0.2326 | O54: 0.0741 | P54: 0 | Q54: 0.383 | R54: -0.1955 | S54: -0.4 | T54: 0.0769 | U54: -0.3607 | V54: -0.4561 | X54: Collected by: | Z54: Sauharda Shrestha
A55: 9010690 | B55: CSAH 121 (Maple Grove Pkwy) at Hospital Dr | C55: 192.168.136.73 | D55: 45820 | E55: 0.35416667 | F55: 0.2507 | G55: 0.02 | H55: 0.0147 | I55: 0 | J55: -0.1224 | K55: 0.0465 | L55: -0.0109 | M55: 2 | N55: -2 | O55: 0.0283 | P55: -0.0364 | Q55: 0 | R55: 0 | S55: 0 | T55: 0 | U55: -2 | V55: -0.1373 | X55: Collected By: | Z55: Sauharda Shrestha
A56: 9010685 | B56: CSAH 121 (Maple Grove Pkwy) at Upland Ln | C56: 192.168.136.105 | D56: NA | E56: NA | X56: NOT AVAILABLE
A57: 8035000 | B57: CSAH 13 (Brockton Lane) at CSAH 81 (Industrial Blvd) / CSAH 101 (County Road 101) | C57: 192.168.29.236 | D57: 45119 | E57: AM | F57: 0.068292683 | G57: -0.033149171 | H57: 0.25592417 | I57: -0.25882353 | J57: 0.11594203 | K57: 0 | L57: 0.18666667 | M57: -1.6190476 | N57: 0.095238095 | O57: 0.41666667 | P57: 0.12765957 | Q57: 0.086956522 | R57: -0.039215686 | S57: -2 | T57: 0.054054054 | U57: 0.20689655 | V57: 0
A58: 8026400 | B58: CSAH 130 (69th Ave N) at CSAH 152 (Brooklyn Blvd) | C58: 192.168.18.73 | D58: 45117 | E58: AM | F58: -0.09375 | G58: 0 | H58: -0.12765957 | I58: -0.00486618 | J58: -0.22485207 | K58: 0 | L58: 0.10526316 | M58: -0.02247191 | N58: -0.2295082 | O58: -0.054054054 | P58: -0.046511628 | Q58: 0 | R58: 0.14925373 | S58: -2 | T58: -1 | U58: -0.11221122 | V58: -1.6363636
A59: 8045500 | B59: CSAH 130 (69th Ave N) at Zane Ave N | C59: 192.168.47.41 | D59: 45124 | E59: PM | F59: -0.06025825 | G59: -0.13333333 | H59: -0.1 | I59: -0.068965517 | J59: 0.02 | K59: -0.13333333 | L59: -0.0625 | M59: -0.30769231 | N59: -0.1754386 | O59: 0.055555556 | P59: -0.32258065 | Q59: -0.4 | R59: 0.09929078 | S59: -0.3030303 | T59: -0.16666667 | U59: 0.086956522 | V59: 0 | X59: Collected by: | Z59: Sauharda Shrestha
A60: 8052900 | B60: CSAH 130 (77th Ave N) at Boone Ave N | C60: 192.168.33.11 | D60: 45089 | E60: 0.53125 | F60: 0.0238 | G60: 2 | H60: -0.0089 | I60: 0.055 | J60: 0 | K60: 2 | L60: 0 | M60: 2 | N60: 0 | O60: 0 | P60: 0 | Q60: -0.0089 | R60: 0.0377 | S60: 0 | T60: 0.6667 | U60: 0 | V60: 0 | X60: Collected By: | Z60: Sauharda Shrestha
A61: 8054000 | B61: CSAH 130 (77th Ave N) at Revere Ln | C61: 192.168.32.172 | D61: 45113 | E61: AM | F61: 0.058181818 | G61: 0.043478261 | H61: 0.041841004 | I61: 0.4 | J61: 0.13333333 | K61: 0 | L61: 0.044117647 | M61: 0 | N61: 0.43478261 | O61: 0.009569378 | P61: -0.28571429 | Q61: 0.66666667 | R61: 0.4 | S61: 0.33333333 | T61: 0.13333333 | U61: 0 | V61: 0
A62: 8053900 | B62: CSAH 130 (77th Ave N) at Zachary Ln | C62: 192.168.32.140 | D62: 45356 | E62: off-peak | F62: -0.11029153 | G62: -0.0097370983 | H62: -0.027353178 | I62: -0.5234375 | J62: -0.030769231 | K62: 0.33333333 | L62: 0.026284349 | M62: -0.20224719 | N62: -0.0089285714 | O62: -0.038119441 | P62: 0 | Q62: 0.07253886 | R62: 1 | S62: -0.90793651 | T62: -0.032786885 | U62: 0 | V62: 0
A63: 8055850 | B63: CSAH 130 (Elm Creek Blvd) at Arbor Lakes Access | C63: 192.168.32.76 | D63: 45820 | E63: 0.625 | F63: -0.0344 | G63: -0.0748 | H63: 0.0061 | I63: -0.1284 | J63: 0 | K63: 2 | L63: -0.0825 | M63: -0.0513 | N63: 0.0299 | O63: 0 | P63: 0.2857 | Q63: -0.16 | R63: 0 | S63: -0.1017 | T63: 0 | U63: 0 | V63: 0 | X63: Collected By: | Z63: Sauharda Shrestha
A64: 8056450 | B64: CSAH 130 (Elm Creek Blvd) at Fountains Dr-BACKHAUL | C64: 192.168.32.108 | D64: 45821 | E64: 0.32291667 | F64: -0.1032 | G64: -0.0153 | H64: -0.087 | I64: -0.1217 | J64: -0.3478 | K64: -0.2857 | L64: 0 | M64: 0 | N64: -0.1053 | O64: -0.08 | P64: -0.0952 | Q64: -0.2778 | R64: 0.6667 | S64: -0.0646 | T64: 0.0952 | U64: -0.8 | V64: -0.6667 | X64: Collected By: | Z64: Sauharda Shrestha
A65: 8025300 | B65: CSAH 130 (West Broadway) at 73rd Ave N | C65: 192.168.51.137 | D65: 45749 | E65: 0.32291667 | F65: 0.0613 | G65: 0 | H65: 0.0741 | I65: 0.0979 | J65: 0.0267 | K65: 0 | L65: 0 | M65: 0 | N65: 0.2 | O65: 0.087 | P65: -0.1818 | Q65: 0.6667 | R65: 0.1053 | S65: -0.2857 | T65: 0 | U65: 0.0752 | V65: -0.4 | X65: Collected By: | Z65: Sauharda Shrestha
A66: 8045400 | B66: CSAH 130 (West Broadway) at 76th Ave N | C66: 192.168.51.105 | D66: 45821 | E66: 0.625 | F66: 0.139 | G66: 0.0339 | H66: 0.0299 | I66: 0.2508 | J66: 0.0581 | K66: -0.3 | L66: 1.27 | M66: 0 | N66: -0.1333 | O66: 0.3529 | P66: -0.0571 | Q66: 0 | R66: 0.2929 | S66: 0.1111 | T66: 0 | U66: 0.1143 | V66: -0.0328 | X66: Collected By: | Z66: Sauharda Shrestha
A67: 8014800 | B67: CSAH 136 (Silver Lake Rd) at 33rd Ave NE | C67: 192.168.137.169 | D67: 45747 | E67: AM | F67: 0.4893 | G67: 0.1538 | H67: -2 | I67: -2 | J67: -2 | K67: -0.4 | L67: 0.2857 | M67: 0 | N67: -2 | O67: -2 | P67: -2 | Q67: -2 | R67: -2 | S67: 0 | T67: -2 | U67: -2 | V67: -2
A68: 8033500 | B68: CSAH 136 (Silver Lake Rd) at St Anthony Blvd | C68: 192.168.137.73 | D68: 45764 | E68: 0.34375 | F68: -0.0443 | G68: -0.0583 | H68: -0.1124 | I68: 0.026 | J68: -0.0351 | K68: 0 | L68: -0.0583 | M68: 0 | N68: -0.1395 | O68: -0.087 | P68: 0 | Q68: 1.2727 | R68: -0.6 | S68: 0 | T68: -1.5094 | U68: 1.2 | V68: 1.5294 | X68: Collected By: | Z68: Sauharda Shrestha
A69: 8039800 | B69: CSAH 14 (Douglas Dr) at 109th Ave N - Master Controller | C69: 192.168.21.205 | D69: 45119 | E69: AM | F69: -0.024213075 | G69: -0.014814815 | H69: -0.29787234 | I69: 0.016528926 | J69: 0.036363636 | K69: -0.15384615 | L69: 0.036363636 | M69: -0.029850746 | N69: 0 | O69: 0 | P69: -1.5555556 | Q69: 0 | R69: 0.024096386 | S69: 0 | T69: 0.086956522 | U69: 0.028985507 | V69: 0
A70: 8016800 | B70: CSAH 14 (Zane Ave) at CSAH 109 (85th Ave N) | C70: 192.168.22.108 | D70: 45119 | E70: off-peak | F70: -0.1179 | G70: -0.032733224 | H70: -0.32642487 | I70: -0.15238095 | J70: -0.16981132 | K70: 0.042553191 | L70: -0.037243948 | M70: -0.01980198 | N70: -0.23333333 | O70: -0.32478632 | P70: -1 | Q70: 0.051724138 | R70: -0.375 | S70: -0.41025641 | T70: 0 | U70: 0.2 | V70: -0.25641026
A71: 8025700 | B71: CSAH 14 (Zane Ave) at CSAH 152 (Brooklyn Blvd) - Master Controller | C71: 192.168.18.41 | D71: 45384 | E71: AM | F71: -0.38294314 | G71: -0.24362606 | H71: -0.44148148 | I71: -0.20994475 | J71: -0.57010786 | K71: -0.44559585 | L71: -0.35294118 | M71: 0.72727273 | N71: -0.039215686 | O71: -0.073170732 | P71: -1.969697 | Q71: -0.1754386 | R71: -0.062222222 | S71: -1.826087 | T71: -0.29850746 | U71: 0.13574661 | V71: -2
A72: 8032000 | B72: CSAH 14 (Zane Ave) at CSAH 30 (93rd Ave N) | C72: 192.168.22.44 | D72: 45384 | E72: off-peak | F72: -0.16887885 | G72: -0.32183908 | H72: -0.052478134 | I72: -0.14983713 | J72: -0.13500785 | K72: -0.53623188 | L72: -0.25396825 | M72: -0.071428571 | N72: -0.17021277 | O72: -0.012903226 | P72: 0 | Q72: -0.4 | R72: -0.14673367 | S72: 0.13592233 | T72: -0.38297872 | U72: -0.085863874 | V72: -0.13740458
A73: 8055100 | B73: CSAH 14 (Zane Ave) at Oak Grove Pkwy (97th Ave) | C73: 192.168.22.11 | D73: 45121 | E73: AM | F73: -0.04845815 | G73: 0.16216216 | H73: -0.057142857 | I73: -0.1270903 | J73: -0.013793103 | K73: 0.26666667 | L73: 0.18181818 | M73: -0.18181818 | N73: -0.012269939 | O73: -0.14925373 | P73: -0.13333333 | Q73: -0.17475728 | R73: -0.11764706 | S73: -0.046511628 | T73: 0.28571429 | U73: -0.05907173 | V73: 0.125
A74: 8057970 | B74: CSAH 144 (141st Ave N) at James Rd/Rogers Dr | C74: 192.168.129.105 | D74: 45824 | E74: 0.53125 | F74: -0.0152 | G74: -0.0831 | H74: 0.073 | I74: -0.0458 | J74: 0.0881 | K74: -0.2012 | L74: 0 | M74: 0.0465 | N74: 0 | O74: 0.1075 | P74: 0 | Q74: -0.2222 | R74: 0.2128 | S74: -0.0952 | T74: 0.1818 | U74: 0.0606 | V74: 0.087 | X74: Collected By: | Z74: Sauharda Shrestha
A75: 8057965 | B75: CSAH 144 (141st Ave N) at Northdale Blvd | C75: 192.168.129.73 | D75: 45826 | E75: 0.65625 | F75: -0.0287 | G75: -0.0215 | H75: 0 | I75: -0.0779 | J75: -0.069 | K75: 0.1818 | L75: -0.0403 | M75: 0 | N75: 0 | O75: 0 | P75: 0 | Q75: -0.0408 | R75: 0 | S75: -0.099 | T75: -0.1 | U75: 0 | V75: 0 | X75: Collected By: | Z75: Sauharda Shrestha
A76: 8055800 | B76: CSAH 144 (141st Ave N) at Rogers High School W Entr | C76: 192.168.129.137 | D76: 45827 | E76: 0.32291667 | F76: 0.0127 | G76: -0.0117 | H76: 0.0451 | I76: 0 | J76: 0 | K76: -0.0531 | L76: -0.0153 | M76: 2 | N76: 0 | O76: 0.0465 | P76: 0 | Q76: 0 | R76: 0 | S76: 0 | T76: 0 | U76: 0 | V76: 0 | X76: Collected By: | Z76: Sauharda Shrestha
A77: 8036600 | B77: CSAH 15 (Lynwood Blvd) at CSAH 110 (Commerce Blvd) | C77: 192.168.128.137 | D77: 45765 | E77: 0.32291667 | F77: -0.0893 | G77: -0.1356 | H77: 0.1322 | I77: -0.2857 | J77: -0.1061 | K77: 0 | L77: -0.1728 | M77: 0 | N77: 0 | O77: 0 | P77: 0 | Q77: -1.3333 | R77: -0.0211 | S77: -1.8571 | T77: -0.0699 | U77: -0.0215 | V77: -1.5556
A78: 8017200 | B78: CSAH 15 (Shoreline Dr) at CSAH 125 (Interlachen Rd) - Master Controller | C78: 192.168.128.73 | D78: NA | E78: NA | X78: NOT AVAILABLE
A79: 8013200 | B79: CSAH 15 (Shoreline Dr) at CSAH 19 (Shadywood Rd) | C79: 192.168.128.169 | D79: 45117 | E79: off-peak | F79: -0.12133891 | G79: 0 | H79: -0.049382716 | I79: -0.24630542 | J79: -0.42735043 | K79: -0.092307692 | L79: 0.059171598 | M79: -0.051282051 | N79: -0.28571429 | O79: 0.025104603 | P79: 0 | Q79: -0.75862069 | R79: 0.6 | S79: -0.88888889 | T79: 0.46153846 | U79: -0.63414634 | V79: -2
A80: 8031700 | B80: CSAH 15 (Shoreline Dr) at CSAH 51 (Sunset Dr) | C80: 192.168.128.105 | D80: 45827 | E80: 0.53125 | F80: -0.0247 | G80: -0.025 | H80: -0.0288 | I80: 0 | J80: 0 | K80: -0.0465 | L80: -0.0217 | M80: 0 | N80: 0 | O80: -0.0241 | P80: -0.1333 | Q80: 0 | R80: 0 | S80: 0 | T80: 0 | U80: 0 | V80: 0 | X80: Collected By: | Y80: Sauharda Shrestha
A81: 8026800 | B81: CSAH 152 (Brooklyn Blvd / Osseo Rd) at 49th Ave N BACKHAUL | C81: 192.168.23.140 | D81: 45344 | E81: off-peak | F81: -0.023926812 | G81: -0.52631579 | H81: 0.14754098 | I81: -0.053030303 | J81: -0.050793651 | K81: -1 | L81: 0 | M81: 0.66666667 | N81: -0.26086957 | O81: 0.28571429 | P81: 0.2408377 | Q81: 0 | R81: 0.027722772 | S81: -2 | T81: -0.31578947 | U81: 0.051502146 | V81: -0.66666667
A82: 8025900 | B82: CSAH 152 (Brooklyn Blvd) at 55th Ave N | C82: 192.168.23.108 | D82: 45343 | E82: PM | F82: -0.055272337 | G82: -0.14814815 | H82: -0.12280702 | I82: -0.016189962 | J82: -0.069686411 | K82: -0.2278481 | L82: 0.36363636 | M82: -0.2585034 | N82: 0.037940379 | O82: -1.372549 | P82: 0 | Q82: 0.032258065 | R82: 0.027084818 | S82: -0.2208589 | T82: 0.028985507 | U82: -0.06374502 | V82: -0.24
A83: 8026000 | B83: CSAH 152 (Brooklyn Blvd) at 63rd Ave N | C83: 192.168.123.105 | D83: 45384 | E83: off-peak | F83: -0.02190396 | G83: -0.093023256 | H83: -0.046082949 | I83: 0.047413793 | J83: -0.063851699 | K83: -0.46464646 | L83: 0.35 | M83: -0.075949367 | N83: -0.12121212 | O83: 0.12658228 | P83: -0.16666667 | Q83: -0.22222222 | R83: 0.087390762 | S83: -0.18181818 | T83: -0.44897959 | U83: -0.056720099 | V83: 0.054054054
A84: 8026100 | B84: CSAH 152 (Brooklyn Blvd) at 65th Ave N | C84: 192.168.18.137 | D84: 45125 | E84: PM | F84: -0.010672359 | G84: 0.26666667 | H84: -1.2 | I84: -0.048543689 | J84: 0.040449438 | K84: 0.25 | L84: -2 | M84: 0.54545455 | N84: -1 | O84: 0.4 | P84: -2 | Q84: 0.66666667 | R84: -0.060913706 | S84: -2 | T84: 0.90909091 | U84: 0.0054495913 | V84: -0.31111111
A85: 8053600 | B85: CSAH 152 (Brooklyn Blvd) at 68th Ave N | C85: 192.168.18.105 | D85: 45357 | E85: off-peak | F85: -0.13154501 | G85: -0.37762238 | H85: -0.17142857 | I85: -0.29705352 | J85: 0.028484232 | K85: -0.31578947 | L85: 0.93333333 | M85: -0.62222222 | N85: -1.0588235 | O85: 1.68 | P85: -0.20689655 | Q85: 0.29441624 | R85: -0.39714286 | S85: 0.060606061 | T85: 0.17142857 | U85: 0.032511799 | V85: -0.5
A86: 8026700 | B86: CSAH 152 (Brooklyn Blvd) at 73rd Ave N / Regent Ave | C86: 192.168.23.11 | D86: 45125 | E86: PM | F86: -0.24355556 | G86: 0 | H86: -0.078740157 | I86: -0.43881857 | J86: -0.13333333 | K86: 0 | L86: 0.057142857 | M86: -0.031746032 | N86: -0.16393443 | O86: 0.048780488 | P86: -0.08 | Q86: -0.1754386 | R86: -0.5433526 | S86: -0.14084507 | T86: -0.14285714 | U86: -0.14054054 | V86: 0
A87: 8037000 | B87: CSAH 152 (Brooklyn Blvd) at Cub Foods Driveway | C87: 192.168.33.140 | D87: 45122 | E87: off-peak | F87: -0.10224949 | G87: -0.075 | H87: -0.033898305 | I87: -0.3125 | J87: -0.34482759 | K87: 0.08 | L87: -0.017699115 | M87: -0.54545455 | N87: 0 | O87: -0.011560694 | P87: -0.24 | Q87: -0.074074074 | R87: 0 | S87: -0.51428571 | T87: -0.095238095 | U87: 0 | V87: -2
A88: 8042600 | B88: CSAH 152 (Brooklyn Blvd) at Jolly Lane | C88: 192.168.33.108 | D88: 45392 | E88: off-peak | F88: -0.079694323 | G88: -0.029480217 | H88: -0.071724138 | I88: -0.26008969 | J88: -0.070981211 | K88: 0 | L88: -0.082324455 | M88: 0.083102493 | N88: -0.13888889 | O88: -0.088321884 | P88: 0.020905923 | Q88: -0.11320755 | R88: 0 | S88: -0.90526316 | T88: -0.076655052 | U88: 0.084033613 | V88: -0.30136986
A89: 8042700 | B89: CSAH 152 (Brooklyn Blvd) at Kentucky Ave N BACKHAUL | C89: 192.168.33.204 | D89: 45103 | E89: AM | F89: 0.22184133 | G89: -0.044393853 | H89: 0.011409943 | I89: -0.11227402 | J89: -0.29432213 | K89: -0.12429379 | L89: 0 | M89: -0.14225941 | N89: -0.017094017 | O89: 0.26086957 | P89: -2 | Q89: -0.022988506 | R89: 0.033240997 | S89: -2 | T89: 0.038834951 | U89: 0.0076628352 | V89: -1.9703704
A90: 8026600 | B90: CSAH 152 (Brooklyn Blvd) at Noble Ave / 71st Ave | C90: 192.168.23.44 | D90: 45125 | E90: PM | F90: -0.49708285 | G90: 0 | H90: -0.14925373 | I90: -0.62264151 | J90: -0.49824561 | K90: 0 | L90: -0.4 | M90: 2 | N90: -0.068965517 | O90: 0 | P90: -2 | Q90: 0 | R90: -0.64723032 | S90: -0.57534247 | T90: -0.28571429 | U90: -0.50724638 | V90: 0
A91: 8038300 | B91: CSAH 152 (Brooklyn Blvd) at Unity Ave N | C91: 192.168.22.236 | D91: 45126 | E91: AM | F91: -0.22857143 | G91: -0.17391304 | H91: -0.30567686 | I91: -0.064516129 | J91: NA | K91: NA | L91: -0.037383178 | M91: -2 | N91: 0 | O91: -0.31674208 | P91: NA | Q91: 0 | R91: 2 | S91: -0.15384615 | T91: NA | U91: NA | V91: NA | X91: Collected by | Z91: Sauharda Shrestha
A92: 8026500 | B92: CSAH 152 (Brooklyn Blvd) at Welcome Ave N | C92: 192.168.22.204 | D92: 45105 | E92: off-peak | F92: -0.26475745 | G92: 0.1224 | H92: -0.0917 | I92: -0.1197 | J92: -0.0935 | K92: 0.2222 | L92: 0.1102 | M92: 0.1818 | N92: -0.1538 | O92: 0.0253 | P92: -2 | Q92: 0 | R92: 0.0571 | S92: -0.4186 | T92: -0.1538 | U92: -0.0513 | V92: -0.6667
A93: 8032700 | B93: CSAH 153 (Kenzie Ter) at Kenzington Apts | C93: 192.168.137.41 | D93: 45754 | E93: 0.53125 | F93: -0.0903 | G93: -0.4 | H93: -0.4 | I93: -0.2308 | J93: 0.0247 | K93: 0 | L93: 0 | M93: -0.4 | N93: 0 | O93: 0 | P93: -0.5455 | Q93: 0 | R93: -0.1905 | S93: -1 | T93: 0 | U93: 0.029 | V93: 0
A94: 8006100 | B94: CSAH 156 (Winnetka Ave N) at Golden Valley Rd | C94: 192.168.24.172 | D94: 45117 | E94: AM | F94: -0.03236246 | G94: 0.050420168 | H94: 0.01459854 | I94: -0.11363636 | J94: -0.043010753 | K94: 0 | L94: 0 | M94: 0.11764706 | N94: -0.024096386 | O94: 0.051282051 | P94: 0.13333333 | Q94: 0 | R94: -0.017391304 | S94: -0.46153846 | T94: 0 | U94: -0.015748031 | V94: -0.35294118
A95: 8025400 | B95: CSAH 156 (Winnetka Ave) at 10th Ave N - Master Controller | C95: 192.168.24.140 | D95: 45117 | E95: AM | F95: 0.3690205 | G95: -0.76923077 | H95: 0 | I95: -0.037037037 | J95: -0.086956522 | K95: 0 | L95: -0.28571429 | M95: -1.6363636 | N95: 2 | O95: -2 | P95: 0 | Q95: 0 | R95: -0.021052632 | S95: -2 | T95: 0.4 | U95: -0.076923077 | V95: -1.5
A96: 8022000 | B96: CSAH 156 (Winnetka Ave) at 32nd Ave N | C96: 192.168.24.11 | D96: 45117 | E96: AM | F96: -0.085245902 | G96: 0 | H96: -0.044444444 | I96: 0 | J96: -0.1875 | K96: 0 | L96: 0 | M96: 0 | N96: -0.15384615 | O96: 0.66666667 | P96: -0.068965517 | Q96: 0 | R96: -0.018691589 | S96: 0.15384615 | T96: -0.54545455 | U96: -0.15652174 | V96: 0
A97: 8010200 | B97: CSAH 156 (Winnetka Ave) at 36th Ave N | C97: 192.168.23.236 | D97: 45100 | E97: AM | F97: -0.14243323 | G97: 0.021052632 | H97: -0.14 | I97: -0.2972973 | J97: -0.20588235 | K97: -0.26666667 | L97: 0.058823529 | M97: 0.16666667 | N97: -0.15384615 | O97: 0.028571429 | P97: -1.2380952 | Q97: -0.14285714 | R97: 0.021978022 | S97: -1.4482759 | T97: -0.054054054 | U97: -0.045454545 | V97: -2 | X97: Collected By | Z97: Sauharda Shrestha
A98: 8054700 | B98: CSAH 158 (Gleason Rd) at Vernon Ave S | C98: 192.168.131.73 | D98: 45124 | E98: PM | F98: 0.0046403712 | G98: -0.028985507 | H98: NA | I98: -0.011976048 | J98: 0.030769231 | K98: -0.046511628 | L98: 2 | M98: -0.08 | N98: NA | O98: NA | P98: NA | Q98: -0.2 | R98: 0 | S98: 2 | T98: 2 | U98: -1.505618 | V98: 0.054054054
A99: 8008800 | B99: CSAH 158 (Vernon Ave) at Interlachen Blvd | C99: 192.168.131.201 | D99: 45378 | E99: off-peak | F99: -0.099355328 | G99: -0.035264484 | H99: -0.17737003 | I99: -0.19354839 | J99: -0.042432815 | K99: -0.011428571 | L99: -0.088495575 | M99: 0.44444444 | N99: 0.013245033 | O99: -0.12307692 | P99: -0.36129032 | Q99: 0.81967213 | R99: -1.7 | S99: -0.22222222 | T99: -0.19259259 | U99: 0.75 | V99: -0.18947368 | X99: Collected By | Z99: Sauharda Shrestha
A100: 8009500 | B100: CSAH 17 (France Ave) at 58th St S | C100: 192.168.24.204 | D100: 45391 | E100: off-peak | F100: -0.14846336 | G100: 0.066225166 | H100: 0 | I100: 0.0073937153 | J100: -0.42894057 | K100: 0 | L100: 0.12121212 | M100: 0.028169014 | N100: -0.4 | O100: 0.15384615 | P100: 0 | Q100: -0.02739726 | R100: 0.0060913706 | S100: 0.16666667 | T100: -0.75 | U100: -0.41835358 | V100: -0.58823529 | X100: Collected BY | Z100: Sauharda Shrestha
A101: 8005700 | B101: CSAH 17 (France Ave) at 65th St W | C101: 192.168.33.236 | D101: 45330 | E101: off-peak | F101: -0.41755998 | G101: -0.27505828 | H101: -1.3100233 | I101: -0.30760165 | J101: -0.31841526 | K101: -0.65625 | L101: 0.14814815 | M101: -0.41726619 | N101: -0.18867925 | O101: -0.41269841 | P101: -1.9846154 | Q101: -0.048780488 | R101: -0.24010383 | S101: -2 | T101: -1.190184 | U101: -0.11538462 | V101: -1.9285714 | X101: Collected By | Z101: Sauharda Shrestha
...

Sheet 1st Calibration Comparisons
A1: ID | B1: Intersection | C1: Calibration # | D1: Date | E1: Time of Day | F1: Total | G1: EB Total | H1: WB Total | I1: NB Total | J1: SB Total | K1: EBL | L1: EBT | M1: EBR | N1: WBL | O1: WBT | P1: WBR | Q1: NBL | R1: NBT | S1: NBR | T1: SBL | U1: SBT | V1: SBR
A2: 8001000 | B2: CSAH 5 (Minnetonka Blvd) at Texas Ave | C2: 1st | D2: 45329 | E2: PM | F2: -0.042352941 | G2: -0.050847458 | H2: -0.038834951 | I2: -0.044692737 | J2: -0.025531915 | K2: 0.021978022 | L2: 0.034013605 | M2: -2 | N2: -0.026315789 | O2: 0.088888889 | P2: -2 | Q2: -0.057142857 | R2: -0.14173228 | S2: 0.020408163 | T2: 0.12765957 | U2: 0.074074074 | V2: -0.41509434
A3: 8001100 | B3: CSAH 5 (Minnetonka Blvd) at Louisiana Ave | C3: 1st | D3: 45329 | E3: PM | F3: -0.068170426 | G3: -0.0056338028 | H3: -0.054968288 | I3: -0.068796069 | J3: -0.13562232 | K3: -0.26737968 | L3: 0.050251256 | M3: 0.048780488 | N3: -0.23076923 | O3: 0.020618557 | P3: -0.16666667 | Q3: -0.21468927 | R3: -0.010968921 | S3: -0.13333333 | T3: -0.3059867 | U3: -0.012958963 | V3: -0.055776892
A4: 8001200 | B4: CSAH 5 (Minnetonka Blvd) at Dakota Ave | C4: 1st | D4: 45299 | E4: AM | F4: 0.013225569 | G4: 0.020477816 | H4: -0.020876827 | I4: 0.086021505 | J4: 0 | K4: -0.095238095 | L4: 0.025862069 | M4: 0.01980198 | N4: 0.1 | O4: -0.024691358 | P4: -0.11764706 | Q4: 0.097560976 | R4: 0.125 | S4: 0.055555556 | T4: -0.083333333 | U4: 0.046511628 | V4: 0.10526316
A5: 8005200 | B5: CSAH 10 (Bass Lake Rd) at Xerxes Ave N | C5: 1st | D5: 45322 | E5: off-peak | F5: -0.032454361 | G5: -0.015174507 | H5: -0.059405941 | I5: -0.024242424 | J5: -0.014492754 | K5: 1.3009709 | L5: -1.4551971 | M5: -0.084507042 | N5: -0.028169014 | O5: -0.15172414 | P5: 0.50847458 | Q5: -0.625 | R5: 0.077922078 | S5: 0 | T5: -0.66666667 | U5: 0.0097560976 | V5: -0.030769231
A6: 8005400 | B6: CSAH 5 (Minnetonka Blvd) at Hampshire Ave S | C6: 1st | D6: 45321 | E6: off-peak | F6: -0.27252252 | G6: -0.20767494 | H6: -0.38845144 | I6: -0.039215686 | J6: 0 | K6: -0.90909091 | L6: -0.20070838 | M6: -0.14285714 | N6: -0.4 | O6: -0.39673913 | P6: 0 | Q6: -0.083333333 | R6: 0 | S6: 0 | T6: 0 | U6: 0 | V6: 0
A7: 8013100 | B7: CSAH 10 (Bass Lake Rd) at Jersey Ave | C7: 1st | D7: 45357 | E7: AM | F7: -0.156691 | G7: -0.071047957 | H7: -0.30747532 | I7: -0.19444444 | J7: 0.052631579 | K7: 0.12903226 | L7: -0.094194962 | M7: -0.013245033 | N7: -0.09929078 | O7: -0.3470483 | P7: -1.1111111 | Q7: 0.085106383 | R7: -1 | S7: -0.66666667 | T7: 0 | U7: 0.086956522 | V7: 0.044444444
A8: 8013500 | B8: CSAH 10 (Bass Lake Rd) at Shingle Creek Pkwy | C8: 1st | D8: 45320 | E8: off-peak | F8: 0.0088345226 | G8: 0.047407407 | H8: -0.044806517 | I8: 0.064516129 | J8: 0.0036429872 | K8: 0.19704433 | L8: -0.019889503 | M8: 0.051282051 | N8: -0.016260163 | O8: -0.039113429 | P8: -0.13043478 | Q8: -1.4285714 | R8: 0.75 | S8: 0.051282051 | T8: -0.88607595 | U8: 0.72340426 | V8: 0.010638298
A9: 8015400 | B9: CSAH 30 (97th Ave) at CSAH 116 (Fletcher Ln) BACKHAUL | C9: 1st | D9: 45322 | E9: AM | F9: -0.06377551 | G9: 0.04040404 | H9: -0.32227488 | I9: 0.084507042 | J9: -0.044776119 | K9: 0.42857143 | L9: 0.022222222 | M9: 0 | N9: 0.021978022 | O9: -0.25605536 | P9: -1.5238095 | Q9: 0.14285714 | R9: 0.08 | S9: 0.075471698 | T9: 0.033333333 | U9: -0.13333333 | V9: 0.15384615
A10: 8015500 | B10: CSAH 10 (Bass Lake Rd) at Boone Ave | C10: 1st | D10: 45295 | E10: off-peak | F10: -0.028809704 | G10: -0.0039138943 | H10: -0.02006689 | I10: -0.12903226 | J10: -0.017291066 | K10: -0.028169014 | L10: 0.015544041 | M10: -0.078212291 | N10: -0.024691358 | O10: -0.026200873 | P10: 0.015503876 | Q10: -0.4 | R10: -0.7008547 | S10: 0.45 | T10: -0.068965517 | U10: 0 | V10: 0
A11: 8015700 | B11: CSAH 57 (57th Ave N) at Logan Ave N | C11: 1st | D11: 45322 | E11: off-peak | F11: -0.136419 | G11: -0.11435832 | H11: -0.18901099 | I11: -0.19834711 | J11: 0 | K11: -0.34343434 | L11: -0.12037037 | M11: -0.015625 | N11: -0.4 | O11: -0.18779343 | P11: 0.22222222 | Q11: -0.24299065 | R11: 0.18181818 | S11: 0.11764706 | T11: 0 | U11: 0 | V11: 0
A12: 8016800 | B12: CSAH 14 (Zane Ave) at CSAH 109 (85th Ave N) | C12: 1st | D12: 45336 | E12: off-peak | F12: -0.089015925 | G12: -0.044393853 | H12: 0.011409943 | I12: -0.11227402 | J12: -0.29432213 | K12: -0.12429379 | L12: 0 | M12: -0.14225941 | N12: -0.017094017 | O12: 0.26086957 | P12: -2 | Q12: -0.022988506 | R12: 0.033240997 | S12: -2 | T12: 0.038834951 | U12: 0.0076628352 | V12: -1.9703704
A13: 8017000 | B13: CSAH 34 (Normandale Blvd) at 102nd St W BACKHAUL | C13: 1st | D13: 45322 | E13: off-peak | F13: -0.09822534 | G13: 0 | H13: 0 | I13: -0.13682093 | J13: -0.097794823 | K13: -0.095238095 | L13: 0.076923077 | M13: 0.15384615 | N13: -0.1025641 | O13: 0.14285714 | P13: 0 | Q13: -0.18181818 | R13: -0.12446352 | S13: -0.35294118 | T13: -0.035087719 | U13: -0.11510791 | V13: -0.021052632
A14: 8023900 | B14: CSAH 3 (Excelsior Blvd) at 17th Ave S | C14: 1st | D14: 45321 | E14: off-peak | F14: -0.043070127 | G14: 0 | H14: -0.087936866 | I14: NA | J14: 0 | K14: 0.16666667 | L14: -0.011363636 | M14: NA | N14: NA | O14: -0.10012837 | P14: 0 | Q14: NA | R14: NA | S14: NA | T14: -0.021978022 | U14: NA | V14: 0.024691358
A15: 8024500 | B15: CSAH 103 (West Broadway) at CSAH 130 / CSAH 152 (Brooklyn Blvd) - Master Controller | C15: 1st | D15: 45321 | E15: AM | F15: 0.0135318 | G15: 0.0099009901 | H15: 0.026557712 | I15: -0.014925373 | J15: 0.022116904 | K15: -0.067114094 | L15: 0.029363785 | M15: 0 | N15: -0.014184397 | O15: 0.272 | P15: -2 | Q15: 0 | R15: 0.23280423 | S15: -0.97959184 | T15: 0 | U15: 0.53023256 | V15: -2
A16: 8024600 | B16: CSAH 61 (Shady Oak Rd) at Bren Rd - Master Controller | C16: 1st | D16: 45295 | E16: AM | F16: -0.05795053 | G16: -0.24113475 | H16: -0.13043478 | I16: -0.038461538 | J16: -0.021505376 | K16: 0.036363636 | L16: 0.18181818 | M16: -0.50666667 | N16: 0 | O16: -0.66666667 | P16: -0.43478261 | Q16: 0 | R16: 0.035087719 | S16: -0.45454545 | T16: 0 | U16: 0.020120724 | V16: -0.88
A17: 8026500 | B17: CSAH 152 (Brooklyn Blvd) at Welcome Ave N | C17: 1st | D17: 45321 | E17: off-peak | F17: -0.06955775 | G17: 0.042105263 | H17: -0.4516129 | I17: -0.13160334 | J17: -0.013605442 | K17: -0.057142857 | L17: 0.10526316 | M17: 0.18181818 | N17: 0 | O17: 0 | P17: -0.73684211 | Q17: 0 | R17: -0.045174538 | S17: -1.6065574 | T17: 0.071428571 | U17: -0.018848168 | V17: 0
A18: 8027200 | B18: CSAH 8 (7none Ave) at CSAH 130 (Broadway Ave) | C18: 1st | D18: 45294 | E18: AM | F18: -0.30508475 | G18: -0.19332162 | H18: 0.11320755 | I18: -0.039097744 | J18: -0.71339174 | K18: -0.3033557 | L18: 0.12903226 | M18: -0.0060422961 | N18: 0.4 | O18: 0.125 | P18: 0 | Q18: 0.092485549 | R18: -0.18892508 | S18: 0 | T18: -0.8 | U18: 0.23923445 | V18: -1.7843666
A19: 8027900 | B19: CSAH 61 (Shady Oak Rd) at Dominic Dr / Smetana Rd | C19: 1st | D19: 45294 | E19: PM | F19: 0.0095124851 | G19: -0.057142857 | H19: -0.030075188 | I19: -0.0057971014 | J19: 0.04341534 | K19: 0 | L19: 0 | M19: -0.086956522 | N19: -0.044444444 | O19: 0.4 | P19: -0.031746032 | Q19: -0.08 | R19: -0.0038387716 | S19: 0 | T19: 0.01242236 | U19: 0.057613169 | V19: 0
A20: 8034400 | B20: CSAH 81 (Bottineau Blvd) at 73rd Ave N BACKHAUL | C20: 1st | D20: 45301 | E20: PM | F20: -0.032713755 | G20: -0.25806452 | H20: -0.0089686099 | I20: -0.0028429282 | J20: -0.048687351 | K20: -0.10666667 | L20: -0.5 | M20: -0.48484848 | N20: -0.059405941 | O20: 0.054054054 | P20: 0.023529412 | Q20: 0.10909091 | R20: -0.0051794303 | S20: 0 | T20: -0.14814815 | U20: -0.026745914 | V20: -1.8181818
A21: 8039300 | B21: CSAH 61 (Shady Oak Rd) at K-tel Dr BACKHAUL | C21: 1st | D21: 45313 | E21: off-peak | F21: -0.15993666 | G21: NA | H21: -1 | I21: -0.20769231 | J21: 0.055284553 | K21: NA | L21: NA | M21: NA | N21: -0.033898305 | O21: 2 | P21: -1.8823529 | Q21: NA | R21: -0.12058212 | S21: -1.2820513 | T21: 0.086956522 | U21: 0.048 | V21: NA
A22: 8039700 | B22: CSAH 81 (Bottineau Blvd) at Green Haven Dr / Lakeland Ave | C22: 1st | D22: 45336 | E22: off-peak | F22: 0.0059443394 | G22: 0.013245033 | H22: -0.064516129 | I22: 0.012436405 | J22: -0.0012507817 | K22: -0.016 | L22: 0.5 | M22: 0.01183432 | N22: 0 | O22: -0.66666667 | P22: 0 | Q22: -0.18181818 | R22: 0.011076923 | S22: 0.045112782 | T22: -0.014814815 | U22: 0.0082304527 | V22: -2
A23: 8042700 | B23: CSAH 152 (Brooklyn Blvd) at Kentucky Ave N BACKHAUL | C23: 1st | D23: 45309 | E23: AM | F23: -0.054458089 | G23: -0.091152815 | H23: -0.036208733 | I23: -0.02020202 | J23: 0.02247191 | K23: 0 | L23: -0.095791001 | M23: -0.22222222 | N23: 0.066666667 | O23: -0.043583535 | P23: -0.037735849 | Q23: 0.040816327 | R23: 0 | S23: -0.090909091 | T23: 0.046511628 | U23: 0.5 | V23: -0.10526316
A24: 8043800 | B24: CSAH 10 (Bass Lake Rd) at International Pkwy / Gettysburg Ave | C24: 1st | D24: 45314 | E24: AM | F24: -0.043234588 | G24: -0.047125353 | H24: ? | I24: -0.076923077 | J24: 0.047619048 | K24: -0.035714286 | L24: -0.030696576 | M24: -0.19607843 | N24: ? | O24: ? | P24: ? | Q24: -0.15384615 | R24: 1.4285714 | S24: -0.22222222 | T24: 0 | U24: 0 | V24: 0.0625
A25: 8047600 | B25: CSAH 81 (Bottineau Blvd) at 79th Ave N | C25: 1st | D25: 45336 | E25: off-peak | F25: -0.18232623 | G25: NA | H25: -0.073239437 | I25: -0.12545061 | J25: -0.28724353 | K25: NA | L25: NA | M25: NA | N25: -0.26315789 | O25: 2 | P25: -0.056074766 | Q25: NA | R25: -0.13864818 | S25: -0.060085837 | T25: -0.23529412 | U25: -0.29244357 | V25: NA
A26: 8051100 | B26: CSAH 9 (Rockford Rd) at Vicksburg Ln | C26: 1st | D26: 45336 | E26: PM | F26: -0.10465116 | G26: -0.095027624 | H26: -0.17085427 | I26: -0.057596822 | J26: -0.10737135 | K26: -0.070921986 | L26: -0.1 | M26: -0.37037037 | N26: -0.18450185 | O26: -0.052539405 | P26: -0.095238095 | Q26: -0.060606061 | R26: -0.13293944 | S26: -0.3015873 | T26: -0.092307692 | U26: -0.028460543 | V26: -0.23076923
A27: 8056150 | B27: CSAH 61 (Northwest Blvd) at 41st Pl N | C27: 1st | D27: 45301 | E27: PM | F27: -0.19175705 | G27: -0.033149171 | H27: -0.81081081 | I27: -0.11182401 | J27: -0.42902208 | K27: -0.14814815 | L27: 1.1794872 | M27: 0 | N27: -1.0769231 | O27: 0.22222222 | P27: -2 | Q27: -1.0857143 | R27: -0.042042042 | S27: -0.18181818 | T27: 0.66666667 | U27: -0.042959427 | V27: -1.4136126
A28: 8001000 | B28: CSAH 5 (Minnetonka Blvd) at Texas Ave | C28: none | D28: 45100 | E28: PM | F28: -0.061978877 | G28: -0.061456753 | H28: -0.020475561 | I28: -0.14490862 | J28: NA | K28: -0.029585799 | L28: -0.009718173 | M28: -0.55 | N28: -0.16544118 | O28: 0.056338028 | P28: -0.25988701 | Q28: -0.042682927 | R28: -0.24652778 | S28: -0.10509554 | T28: NA | U28: NA | V28: NA
A29: 8001100 | B29: CSAH 5 (Minnetonka Blvd) at Louisiana Ave | C29: none | D29: 45105 | E29: PM | F29: -0.063651591 | G29: -0.050847458 | H29: -0.038834951 | I29: -0.044692737 | J29: -0.025531915 | K29: 0.021978022 | L29: 0.034013605 | M29: -2 | N29: -0.026315789 | O29: 0.088888889 | P29: -2 | Q29: -0.057142857 | R29: -0.14173228 | S29: 0.020408163 | T29: 0.12765957 | U29: 0.074074074 | V29: -0.41509434
A30: 8001200 | B30: CSAH 5 (Minnetonka Blvd) at Dakota Ave | C30: none | D30: 45100 | E30: AM | F30: -0.048500555 | G30: -0.0056338028 | H30: -0.054968288 | I30: -0.068796069 | J30: -0.13562232 | K30: -0.26737968 | L30: 0.050251256 | M30: 0.048780488 | N30: -0.23076923 | O30: 0.020618557 | P30: -0.16666667 | Q30: -0.21468927 | R30: -0.010968921 | S30: -0.13333333 | T30: -0.3059867 | U30: -0.012958963 | V30: -0.055776892
A31: 8005200 | B31: CSAH 10 (Bass Lake Rd) at Xerxes Ave N | C31: none | D31: 45098 | E31: off-peak | F31: 0.0144 | G31: 0.012711864 | H31: 0.021024967 | I31: -0.04214876 | J31: -0.20801317 | K31: -0.16197183 | L31: 0.088693957 | M31: -0.25471698 | N31: -0.096385542 | O31: 0.044491525 | P31: -0.004040404 | Q31: -0.072202166 | R31: 0.031210986 | S31: -0.42424242 | T31: -0.16235632 | U31: 0.013812155 | V31: -0.68656716
A32: 8005400 | B32: CSAH 5 (Minnetonka Blvd) at Hampshire Ave S | C32: none | D32: 45100 | E32: PM | F32: -0.15277374 | G32: -0.021987687 | H32: -0.11712707 | I32: -0.01754386 | J32: 0.018927445 | K32: -0.066666667 | L32: -0.0010940919 | M32: -0.11398964 | N32: -0.0078125 | O32: -0.051671733 | P32: -0.59663866 | Q32: -0.055555556 | R32: -0.23404255 | S32: 0.18852459 | T32: -0.01910828 | U32: 0.1147541 | V32: -0.13157895
A33: 8013100 | B33: CSAH 10 (Bass Lake Rd) at Jersey Ave | C33: none | D33: 45098 | E33: AM | F33: -0.17454689 | G33: 0.020477816 | H33: -0.020876827 | I33: 0.086021505 | J33: 0 | K33: -0.095238095 | L33: 0.025862069 | M33: 0.01980198 | N33: 0.1 | O33: -0.024691358 | P33: -0.11764706 | Q33: 0.097560976 | R33: 0.125 | S33: 0.055555556 | T33: -0.083333333 | U33: 0.046511628 | V33: 0.10526316
A34: 8013500 | B34: CSAH 10 (Bass Lake Rd) at Shingle Creek Pkwy | C34: none | D34: 45112 | E34: off-peak | F34: 0.25917215 | G34: -0.015174507 | H34: -0.059405941 | I34: -0.024242424 | J34: -0.014492754 | K34: 1.3009709 | L34: -1.4551971 | M34: -0.084507042 | N34: -0.028169014 | O34: -0.15172414 | P34: 0.50847458 | Q34: -0.625 | R34: 0.077922078 | S34: 0 | T34: -0.66666667 | U34: 0.0097560976 | V34: -0.030769231
A35: 8015400 | B35: CSAH 30 (97th Ave) at CSAH 116 (Fletcher Ln) BACKHAUL | C35: none | D35: 45100 | E35: AM | F35: -0.0333 | G35: -0.0404 | H35: 0.0565 | I35: 0 | J35: 0.0594 | K35: 0.9444 | L35: -0.8163 | M35: 0.1429 | N35: 0.1481 | O35: 0 | P35: 0.2857 | Q35: -1 | R35: 0 | S35: 0.1053 | T35: -1.0769 | U35: 0.3333 | V35: 0
A36: 8015500 | B36: CSAH 10 (Bass Lake Rd) at Boone Ave | C36: none | D36: 45119 | E36: off-peak | F36: -0.04485555 | G36: -0.40837696 | H36: -0.041335453 | I36: 0 | J36: 0 | K36: -0.4 | L36: -0.41577061 | M36: 0 | N36: 0 | O36: -0.042553191 | P36: 0 | Q36: 0 | R36: 0 | S36: 0 | T36: 0 | U36: 0 | V36: 0
A37: 8015700 | B37: CSAH 57 (57th Ave N) at Logan Ave N | C37: none | D37: 45100 | E37: off-peak | F37: -0.246 | G37: -0.28123184 | H37: -0.020382166 | I37: -0.11764706 | J37: 0 | K37: -0.26666667 | L37: -0.28960097 | M37: -0.019230769 | N37: -0.3125 | O37: -0.013962766 | P37: -0.029411765 | Q37: -0.125 | R37: -0.25 | S37: -0.04 | T37: 0 | U37: 0 | V37: 0
A38: 8016800 | B38: CSAH 14 (Zane Ave) at CSAH 109 (85th Ave N) | C38: none | D38: 45119 | E38: off-peak | F38: -0.1179 | G38: -0.032733224 | H38: -0.32642487 | I38: -0.15238095 | J38: -0.16981132 | K38: 0.042553191 | L38: -0.037243948 | M38: -0.01980198 | N38: -0.23333333 | O38: -0.32478632 | P38: -1 | Q38: 0.051724138 | R38: -0.375 | S38: -0.41025641 | T38: 0 | U38: 0.2 | V38: -0.25641026
A39: 8017000 | B39: CSAH 34 (Normandale Blvd) at 102nd St W BACKHAUL | C39: none | D39: 45103 | E39: off-peak | F39: -0.0028 | G39: -0.071047957 | H39: -0.30747532 | I39: -0.19444444 | J39: 0.052631579 | K39: 0.12903226 | L39: -0.094194962 | M39: -0.013245033 | N39: -0.09929078 | O39: -0.3470483 | P39: -1.1111111 | Q39: 0.085106383 | R39: -1 | S39: -0.66666667 | T39: 0 | U39: 0.086956522 | V39: 0.044444444
A40: 8023900 | B40: CSAH 3 (Excelsior Blvd) at 17th Ave S | C40: none | D40: 45100 | E40: off-peak | F40: 0.8845005 | G40: 0.047407407 | H40: -0.044806517 | I40: 0.064516129 | J40: 0.0036429872 | K40: 0.19704433 | L40: -0.019889503 | M40: 0.051282051 | N40: -0.016260163 | O40: -0.039113429 | P40: -0.13043478 | Q40: -1.4285714 | R40: 0.75 | S40: 0.051282051 | T40: -0.88607595 | U40: 0.72340426 | V40: 0.010638298
... A51: 8047600 | B51: CSAH 81 (Bottineau Blvd) at 79th Ave N | C51: none | D51: 45104 | E51: off-peak | F51: -0.036617725 | G51: -0.0714 | H51: -0.1017 | I51: -0.013 | J51: 0.04 | K51: -0.069 | L51: 0.2 | M51: -0.8571 | N51: -0.1667 | O51: 0.3333 | P51: -0.2609 | Q51: 0 | R51: -0.0143 | S51: 0 | T51: 0 | U51: 0.0452 | V51: 0.0488
A52: 8051100 | B52: CSAH 9 (Rockford Rd) at Vicksburg Ln | C52: none | D52: 45099 | E52: PM | F52: -0.019614362 | G52: 0 | H52: -0.087936866 | I52: NA | J52: 0 | K52: 0.16666667 | L52: -0.011363636 | M52: NA | N52: NA | O52: -0.10012837 | P52: 0 | Q52: NA | R52: NA | S52: NA | T52: -0.021978022 | U52: NA | V52: 0.024691358
A53: 8056150 | B53: CSAH 61 (Northwest Blvd) at 41st Pl N | C53: none | D53: 45098 | E53: PM | F53: -0.38102894 | G53: -0.34770889 | H53: -0.10416667 | I53: -0.41400491 | J53: -0.36910198 | K53: -0.25 | L53: 0.038461538 | M53: -0.99074074 | N53: -0.052631579 | O53: -0.0625 | P53: -0.23076923 | Q53: -0.49230769 | R53: -0.39288256 | S53: -0.92857143 | T53: -0.25 | U53: -0.045510455 | V53: -0.91546392
B55: Not Acceptable to Accurate | C55: 5
B56: Not Acceptable to Acceptable | C56: 4
B57: Acceptable to Accurate | C57: 1
B58: Acceptable to Not Acceptable | C58: 0
B59: Accurate to Not Acceptable | C59: 2
B60: Accurate to Acceptable | C60: 2
B61: Total Changes | C61: =SUM(C55:C60) -> 14

Sheet 2nd Calibration
A1: ID | B1: Intersection | C1: Calibration # | D1: Date | E1: Time of Day | F1: Total | G1: EB Total | H1: WB Total | I1: NB Total | J1: SB Total | K1: EBL | L1: EBT | M1: EBR | N1: WBL | O1: WBT | P1: WBR | Q1: NBL | R1: NBT | S1: NBR | T1: SBL | U1: SBT | V1: SBR
A2: 8059100 | B2: CR 101 (Brockton Ln) at Dayton Parkway | C2: NA | D2: NA | E2: NA
A3: 8008400 | B3: CSAH 1 (Old Shakopee Rd) at CSAH 17 (France Ave) | C3: NA | D3: NA | E3: NA
A4: 8018400 | B4: CSAH 1 (Old Shakopee Rd) at CSAH 34 (Normandale Blvd) | C4: NA | D4: NA | E4: NA
A5: 8044600 | B5: CSAH 1 (Old Shakopee Rd) at Nesbitt Ave | C5: NA | D5: NA | E5: NA
A6: 8022400 | B6: CSAH 1 (Old Shakopee Rd) at Xerxes Ave S | C6: 2nd Calibration | D6: 46051 | E6: 0.625 | F6: -0.3747 | G6: -0.5739 | H6: -0.1905 | I6: -0.1692 | J6: -0.6087 | K6: 0 | L6: -0.4297 | M6: -1 | N6: 0 | O6: -0.2 | P6: 0 | Q6: -0.1591 | R6: -0.25 | S6: -0.1111 | T6: 0 | U6: -0.8235 | V6: 0
A7: 8052100 | B7: CSAH 1 (Pioneer Trail) at Bennett Place | C7: NA | D7: NA | E7: NA
A8: 8037200 | B8: CSAH 1 (Pioneer Trail) at CSAH 4 (Eden Prairie Rd) | C8: NA | D8: NA | E8: NA
A9: 8057300 | B9: CSAH 1 (Pioneer Trail) at CSAH 61 (Flying Cloud Dr) | C9: NA | D9: NA | E9: NA
A10: 8051400 | B10: CSAH 1 (Pioneer Trail) at Dell Rd | C10: NA | D10: NA | E10: NA
A11: 8037400 | B11: CSAH 1 (Pioneer Trail) at Franlo Rd | C11: NA | D11: NA | E11: NA
A12: 8037300 | B12: CSAH 1 (Pioneer Trail) at Homeward Hills Rd | C12: NA | D12: NA | E12: NA
A13: 8048500 | B13: CSAH 1 (Pioneer Trail) at Mitchell Rd | C13: NA | D13: NA | E13: NA
A14: 8052000 | B14: CSAH 1 (Pioneer Trail) at Staring Lake Parkway | C14: NA | D14: NA | E14: NA
A15: 8015500 | B15: CSAH 10 (Bass Lake Rd) at Boone Ave | C15: NA | D15: NA | E15: NA
A16: 8025600 | B16: CSAH 10 (Bass Lake Rd) at CSAH 152 (Brooklyn Blvd) - Master Controller | C16: NA | D16: NA | E16: NA
A17: 8043800 | B17: CSAH 10 (Bass Lake Rd) at International Pkwy / Gettysburg Ave | C17: NA | D17: NA | E17: NA
A18: 8013100 | B18: CSAH 10 (Bass Lake Rd) at Jersey Ave | C18: NA | D18: NA | E18: NA
... A150: 8001200 | B150: CSAH 5 (Minnetonka Blvd) at Dakota Ave | C150: NA | D150: NA | E150: NA
A151: 8005400 | B151: CSAH 5 (Minnetonka Blvd) at Hampshire Ave S | C151: 2nd | D151: 45385 | E151: off-peak | F151: -0.2056962 | G151: -0.40837696 | H151: -0.041335453 | I151: 0 | J151: 0 | K151: -0.4 | L151: -0.41577061 | M151: 0 | N151: 0 | O151: -0.042553191 | P151: 0 | Q151: 0 | R151: 0 | S151: 0 | T151: 0 | U151: 0 | V151: 0
A152: 8045200 | B152: CSAH 5 (Minnetonka Blvd) at I-494 E Ramp | C152: NA | D152: NA | E152: NA
A153: 8001100 | B153: CSAH 5 (Minnetonka Blvd) at Louisiana Ave | C153: NA | D153: NA | E153: NA
A154: 8001000 | B154: CSAH 5 (Minnetonka Blvd) at Texas Ave | C154: NA | D154: NA | E154: NA
A155: 8019700 | B155: CSAH 5 (Minnetonka Blvd) at Williston Rd | C155: NA | D155: NA | E155: NA
A156: 8003600 | B156: CSAH 52 (Nicollet Ave) at 65th St | C156: NA | D156: NA | E156: NA
A157: 8018900 | B157: CSAH 52 (Nicollet Ave) at 79th St / American Blvd | C157: NA | D157: NA | E157: NA
A158: 8013000 | B158: CSAH 52 (Nicollet Ave) at 82nd St | C158: NA | D158: NA | E158: NA
A159: 8021900 | B159: CSAH 52 (Nicollet Ave) at 84th St | C159: NA | D159: NA | E159: NA
A160: 8007400 | B160: CSAH 52 (Nicollet Ave) at 90th St | C160: NA | D160: NA | E160: NA
A161: 8003900 | B161: CSAH 53 (66th St) at 12th Ave S | C161: NA | D161: NA | E161: NA
A162: 8004000 | B162: CSAH 53 (66th St) at Bloomington Ave S - Master Controller | C162: NA | D162: NA | E162: NA
A163: 8028500 | B163: CSAH 53 (66th St) at Hub Shopping Ctr | C163: NA | D163: NA | E163: NA
... A186: 9010580 | B186: CSAH 61 (Hemlock Ln) at Arbor Lakes Parkway | C186: NA | D186: NA | E186: NA
A187: 8056150 | B187: CSAH 61 (Northwest Blvd) at 42nd Pl N | C187: 2nd | D187: 45385 | E187: PM | F187: -0.019683355 | G187: -0.064239829 | H187: 0.34782609 | I187: -0.027027027 | J187: -0.0050761421 | K187: -0.083769634 | L187: 0.22222222 | M187: -0.029850746 | N187: 0.58823529 | O187: 0.26086957 | P187: 0 | Q187: -0.017094017 | R187: -0.035874439 | S187: 0.22222222 | T187: 0.90909091 | U187: -0.038709677 | V187: 0.012820513
A188: 8042800 | B188: CSAH 61 (Northwest Blvd) at Campus Dr | C188: NA | D188: NA | E188: NA
A189: 8051600 | B189: CSAH 61 (Northwest Blvd) at Schmidt Lake Rd BACKHAUL | C189: NA | D189: NA | E189: NA
A190: 8052400 | B190: CSAH 61 (Northwest Blvd) at W Medicine Lake Dr | C190: NA | D190: NA | E190: NA
A191: 8022300 | B191: CSAH 61 (Plymouth Rd) at Cartway Dr | C191: NA | D191: NA | E191: NA
A192: 8039600 | B192: CSAH 61 (Plymouth Rd) at Cedar Lake Rd | C192: NA | D192: NA | E192: NA
A193: 8027300 | B193: CSAH 61 (Plymouth Rd) at I-394 N Frontage Rd | C193: NA | D193: NA | E193: NA
A194: 8024300 | B194: CSAH 61 (Plymouth Rd) at Ridgedale Dr | C194: NA | D194: NA | E194: NA
A195: 8037500 | B195: CSAH 61 (Plymouth Rd) at Sherwood Place / Regency Woods Apartments | C195: NA | D195: NA | E195: NA
A196: 8024600 | B196: CSAH 61 (Shady Oak Rd) at Bren Rd - Master Controller | C196: NA | D196: NA | E196: NA
A197: 8036500 | B197: CSAH 61 (Shady Oak Rd) at City West Pkwy (S Jct) / Bryant Lk Dr | C197: NA | D197: NA | E197: NA
A198: 8027900 | B198: CSAH 61 (Shady Oak Rd) at Dominic Dr / Smetana Rd | C198: NA | D198: NA | E198: NA
A199: 8039300 | B199: CSAH 61 (Shady Oak Rd) at K-tel Dr BACKHAUL | C199: 2nd | D199: 45390 | E199: off-peak | F199: -0.085423729 | G199: NA | H199: -0.053475936 | I199: -0.019933555 | J199: -0.1516035 | K199: NA | L199: NA | M199: NA | N199: 0.037735849 | O199: 0 | P199: -0.089552239 | Q199: NA | R199: -0.018083183 | S199: -0.042553191 | T199: -0.04 | U199: -0.17064846 | V199: NA
A200: 9010660 | B200: CSAH 61 (Zachary Ln N) at 89th Ave N | C200: NA | D200: NA | E200: NA
A201: 8017300 | B201: CSAH 70 (Medicine Lake Rd) at Boone Ave | C201: NA | D201: NA | E201: NA
A202: 8029200 | B202: CSAH 70 (Medicine Lake Rd) at Nevada Ave | C202: NA | D202: NA | E202: NA
A203: 8058100 | B203: CSAH 73 (Hopkins Crossroad) at Fairfield Road | C203: NA | D203: NA | E203: NA
A204: 8054600 | B204: CSAH 73 (Hopkins Crossroad) at Minnetonka Mills Rd / 5th St N | C204: NA | D204: NA | E204: NA
A205: 8058015 | B205: CSAH 73 (Hopkins Crossroad) at S Frontage Rd | C205: NA | D205: NA | E205: NA
A206: 8058010 | B206: CSAH 73 (Hopkins Crossroad) at Wayzata Blvd / North Frontage Road | C206: NA | D206: NA | E206: NA
A207: 8027200 | B207: CSAH 8 (71st Ave) at CSAH 130 (Broadway Ave) | C207: 2nd | D207: 45385 | E207: AM | F207: -0.0071599045 | G207: 0.0037243948 | H207: 0 | I207: -0.020618557 | J207: -0.0084865629 | K207: 0.025974026 | L207: -0.13333333 | M207: -0.04379562 | N207: 0 | O207: 0 | P207: 0 | Q207: 0.095238095 | R207: -0.16091954 | S207: 0 | T207: -1 | U207: -0.090909091 | V207: 0.026565465
A208: 8048400 | B208: CSAH 8 (West Broadway) at 57th Ave N | C208: NA | D208: NA | E208: NA
A209: 8000400 | B209: CSAH 8 (West Broadway) at CSAH 9 (Rockford Rd / 42nd Ave) | C209: NA | D209: NA | E209: NA
A210: 8033700 | B210: CSAH 81 (Bottineau Blvd) at 36th Ave N | C210: NA | D210: NA | E210: NA
A211: 8033800 | B211: CSAH 81 (Bottineau Blvd) at 40th Ave N | C211: NA | D211: NA | E211: NA
A212: 8033900 | B212: CSAH 81 (Bottineau Blvd) at 41st Ave N | C212: NA | D212: NA | E212: NA
A213: 8034400 | B213: CSAH 81 (Bottineau Blvd) at 73rd Ave N BACKHAUL | C213: NA | D213: NA | E213: NA
A214: 8047600 | B214: CSAH 81 (Bottineau Blvd) at 79th Ave N | C214: NA | D214: NA | E214: NA
A215: 8057845 | B215: CSAH 81 (Bottineau Blvd) at 83rd Ave N BACKHAUL | C215: NA | D215: NA | E215: NA
A216: 8033600 | B216: CSAH 81 (Bottineau Blvd) at Abbott Ave N | C216: NA | D216: NA | E216: NA
A217: 8034700 | B217: CSAH 81 (Bottineau Blvd) at CSAH 109 (85th Ave N) - Master Controller | C217: NA | D217: NA | E217: NA
A218: 8034900 | B218: CSAH 81 (Bottineau Blvd) at CSAH 121 (Fernbrook Ln) | C218: NA | D218: NA | E218: NA
A219: 8034500 | B219: CSAH 81 (Bottineau Blvd) at CSAH 130 / CSAH 152 (Brooklyn Blvd) | C219: NA | D219: NA | E219: NA
... A237: 8051100 | B237: CSAH 9 (Rockford Rd) at Vicksburg Ln | C237: NA | D237: NA | E237: NA

Sheet 2nd Calibration Comparisons
A1: ID | B1: Intersection | C1: Calibration # | D1: Date | E1: Time of Day | F1: Total | G1: EB Total | H1: WB Total | I1: NB Total | J1: SB Total | K1: EBL | L1: EBT | M1: EBR | N1: WBL | O1: WBT | P1: WBR | Q1: NBL | R1: NBT | S1: NBR | T1: SBL | U1: SBT | V1: SBR
A2: 8005400 | B2: CSAH 5 (Minnetonka Blvd) at Hampshire Ave S | C2: 1st | D2: 45321 | E2: off-peak | F2: -0.27252252 | G2: -0.20767494 | H2: -0.38845144 | I2: -0.039215686 | J2: 0 | K2: -0.90909091 | L2: -0.20070838 | M2: -0.14285714 | N2: -0.4 | O2: -0.39673913 | P2: 0 | Q2: -0.083333333 | R2: 0 | S2: 0 | T2: 0 | U2: 0 | V2: 0
A3: 8005400 | B3: CSAH 5 (Minnetonka Blvd) at Hampshire Ave S | C3: 2nd | D3: 45385 | E3: off-peak | F3: -0.2056962 | G3: -0.40837696 | H3: -0.041335453 | I3: 0 | J3: 0 | K3: -0.4 | L3: -0.41577061 | M3: 0 | N3: 0 | O3: -0.042553191 | P3: 0 | Q3: 0 | R3: 0 | S3: 0 | T3: 0 | U3: 0 | V3: 0
A4: 8027200 | B4: CSAH 8 (71st Ave) at CSAH 130 (Broadway Ave) | C4: 1st | D4: 45294 | E4: AM | F4: -0.30508475 | G4: -0.19332162 | H4: 0.11320755 | I4: -0.039097744 | J4: -0.71339174 | K4: -0.3033557 | L4: 0.12903226 | M4: -0.0060422961 | N4: 0.4 | O4: 0.125 | P4: 0 | Q4: 0.092485549 | R4: -0.18892508 | S4: 0 | T4: -0.8 | U4: 0.23923445 | V4: -1.7843666
A5: 8027200 | B5: CSAH 8 (71st Ave) at CSAH 130 (Broadway Ave) | C5: 2nd | D5: 45385 | E5: AM | F5: -0.0071599045 | G5: 0.0037243948 | H5: 0 | I5: -0.020618557 | J5: -0.0084865629 | K5: 0.025974026 | L5: -0.13333333 | M5: -0.04379562 | N5: 0 | O5: 0 | P5: 0 | Q5: 0.095238095 | R5: -0.16091954 | S5: 0 | T5: -1 | U5: -0.090909091 | V5: 0.026565465
A6: 8039300 | B6: CSAH 61 (Shady Oak Rd) at K-tel Dr BACKHAUL | C6: 1st | D6: 45313 | E6: off-peak | F6: -0.15993666 | G6: NA | H6: -1 | I6: -0.20769231 | J6: 0.055284553 | K6: NA | L6: NA | M6: NA | N6: -0.033898305 | O6: 2 | P6: -1.8823529 | Q6: NA | R6: -0.12058212 | S6: -1.2820513 | T6: 0.086956522 | U6: 0.048 | V6: NA
A7: 8039300 | B7: CSAH 61 (Shady Oak Rd) at K-tel Dr BACKHAUL | C7: 2nd | D7: 45390 | E7: off-peak | F7: -0.085423729 | G7: NA | H7: -0.053475936 | I7: -0.019933555 | J7: -0.1516035 | K7: NA | L7: NA | M7: NA | N7: 0.037735849 | O7: 0 | P7: -0.089552239 | Q7: NA | R7: -0.018083183 | S7: -0.042553191 | T7: -0.04 | U7: -0.17064846 | V7: NA
A8: 8056150 | B8: CSAH 61 (Northwest Blvd) at 42nd Pl N | C8: 1st | D8: 45301 | E8: PM | F8: -0.19175705 | G8: -0.033149171 | H8: -0.81081081 | I8: -0.11182401 | J8: -0.42902208 | K8: -0.14814815 | L8: 1.1794872 | M8: 0 | N8: -1.0769231 | O8: 0.22222222 | P8: -2 | Q8: -1.0857143 | R8: -0.042042042 | S8: -0.18181818 | T8: 0.66666667 | U8: -0.042959427 | V8: -1.4136126
A9: 8056150 | B9: CSAH 61 (Northwest Blvd) at 42nd Pl N | C9: 2nd | D9: 45385 | E9: PM | F9: -0.019683355 | G9: -0.064239829 | H9: 0.34782609 | I9: -0.027027027 | J9: -0.0050761421 | K9: -0.083769634 | L9: 0.22222222 | M9: -0.029850746 | N9: 0.58823529 | O9: 0.26086957 | P9: 0 | Q9: -0.017094017 | R9: -0.035874439 | S9: 0.22222222 | T9: 0.90909091 | U9: -0.038709677 | V9: 0.012820513
B11: Not Acceptable to Accurate | C11: 2
B12: Not Acceptable to Acceptable | C12: 1
B13: Acceptable to Accurate | C13: 0
B14: Acceptable to Not Acceptable | C14: 0
B15: Accurate to Not Acceptable | C15: 0
B16: Accurate to Acceptable | C16: 0
B17: Total Changes | C17: =SUM(C11:C16) -> 3

Sheet Future Adjustments
A1: Intersection | E1: IP ADDRESS | H1: EB | K1: WB | N1: SB | Q1: NB
A2: CSAH 136 and 33rd | E2: rtsp://192.168.137.169/quad | H2: need to tilt camera down | K2: need to tilt camera down
A3: CSAH 88 @ St Anthony Blvd | E3: 192.168.137.105 | K3: need more space in the front
A4: CSAH 88 @ CSAH 94 | E4: 192.168.137.137 | N4: Not enough space in the front
A5: CSAH 136 @ St Anthony | E5: 192.168.137.73 | Q5: Need to titlt the camera downwards
A6: CSAH 15 @ CSAH 110 | E6: 192.168.128.137 | N6: Need space below | Q6: Need Space below
A7: CSAH 109 @ Edinburg | E7: 192.168.17.105 | H7: NEED ENOUGH SPACE TO FIT CARS PAST THE STOP ZONE

Sheet 3rd Calibration
A1: ID | B1: Intersection | C1: Calibration # | D1: Date | E1: Time of Day | F1: Total | G1: EB Total | H1: WB Total | I1: NB Total | J1: SB Total | K1: EBL | L1: EBT | M1: EBR | N1: WBL | O1: WBT | P1: WBR | Q1: NBL | R1: NBT | S1: NBR | T1: SBL | U1: SBT | V1: SBR
A2: 8059100 | B2: CR 101 (Brockton Ln) at Dayton Parkway | C2: NA | D2: NA | E2: NA
A3: 8008400 | B3: CSAH 1 (Old Shakopee Rd) at CSAH 17 (France Ave) | C3: NA | D3: NA | E3: NA
A4: 8018400 | B4: CSAH 1 (Old Shakopee Rd) at CSAH 34 (Normandale Blvd) | C4: NA | D4: NA | E4: NA
A5: 8044600 | B5: CSAH 1 (Old Shakopee Rd) at Nesbitt Ave | C5: NA | D5: NA | E5: NA
A6: 8022400 | B6: CSAH 1 (Old Shakopee Rd) at Xerxes Ave S | C6: 2nd Calibration | D6: 46051 | E6: 0.625 | F6: -0.3747 | G6: -0.5739 | H6: -0.1905 | I6: -0.1692 | J6: -0.6087 | K6: 0 | L6: -0.4297 | M6: -1 | N6: 0 | O6: -0.2 | P6: 0 | Q6: -0.1591 | R6: -0.25 | S6: -0.1111 | T6: 0 | U6: -0.8235 | V6: 0
A7: 8052100 | B7: CSAH 1 (Pioneer Trail) at Bennett Place | C7: NA | D7: NA | E7: NA
A8: 8037200 | B8: CSAH 1 (Pioneer Trail) at CSAH 4 (Eden Prairie Rd) | C8: NA | D8: NA | E8: NA
A9: 8057300 | B9: CSAH 1 (Pioneer Trail) at CSAH 61 (Flying Cloud Dr) | C9: NA | D9: NA | E9: NA
A10: 8051400 | B10: CSAH 1 (Pioneer Trail) at Dell Rd | C10: NA | D10: NA | E10: NA
A11: 8037400 | B11: CSAH 1 (Pioneer Trail) at Franlo Rd | C11: NA | D11: NA | E11: NA
A12: 8037300 | B12: CSAH 1 (Pioneer Trail) at Homeward Hills Rd | C12: NA | D12: NA | E12: NA
A13: 8048500 | B13: CSAH 1 (Pioneer Trail) at Mitchell Rd | C13: NA | D13: NA | E13: NA
A14: 8052000 | B14: CSAH 1 (Pioneer Trail) at Staring Lake Parkway | C14: NA | D14: NA | E14: NA
A15: 8015500 | B15: CSAH 10 (Bass Lake Rd) at Boone Ave | C15: NA | D15: NA | E15: NA
A16: 8025600 | B16: CSAH 10 (Bass Lake Rd) at CSAH 152 (Brooklyn Blvd) - Master Controller | C16: NA | D16: NA | E16: NA
A17: 8043800 | B17: CSAH 10 (Bass Lake Rd) at International Pkwy / Gettysburg Ave | C17: NA | D17: NA | E17: NA
A18: 8013100 | B18: CSAH 10 (Bass Lake Rd) at Jersey Ave | C18: NA | D18: NA | E18: NA
... A150: 8001200 | B150: CSAH 5 (Minnetonka Blvd) at Dakota Ave | C150: NA | D150: NA | E150: NA
A151: 8005400 | B151: CSAH 5 (Minnetonka Blvd) at Hampshire Ave S | C151: 2nd | D151: 45385 | E151: off-peak | F151: -0.2056962 | G151: -0.40837696 | H151: -0.041335453 | I151: 0 | J151: 0 | K151: -0.4 | L151: -0.41577061 | M151: 0 | N151: 0 | O151: -0.042553191 | P151: 0 | Q151: 0 | R151: 0 | S151: 0 | T151: 0 | U151: 0 | V151: 0
A152: 8045200 | B152: CSAH 5 (Minnetonka Blvd) at I-494 E Ramp | C152: NA | D152: NA | E152: NA
A153: 8001100 | B153: CSAH 5 (Minnetonka Blvd) at Louisiana Ave | C153: NA | D153: NA | E153: NA
A154: 8001000 | B154: CSAH 5 (Minnetonka Blvd) at Texas Ave | C154: NA | D154: NA | E154: NA
A155: 8019700 | B155: CSAH 5 (Minnetonka Blvd) at Williston Rd | C155: NA | D155: NA | E155: NA
A156: 8003600 | B156: CSAH 52 (Nicollet Ave) at 65th St | C156: NA | D156: NA | E156: NA
A157: 8018900 | B157: CSAH 52 (Nicollet Ave) at 79th St / American Blvd | C157: NA | D157: NA | E157: NA
A158: 8013000 | B158: CSAH 52 (Nicollet Ave) at 82nd St | C158: NA | D158: NA | E158: NA
A159: 8021900 | B159: CSAH 52 (Nicollet Ave) at 84th St | C159: NA | D159: NA | E159: NA
A160: 8007400 | B160: CSAH 52 (Nicollet Ave) at 90th St | C160: NA | D160: NA | E160: NA
A161: 8003900 | B161: CSAH 53 (66th St) at 12th Ave S | C161: NA | D161: NA | E161: NA
A162: 8004000 | B162: CSAH 53 (66th St) at Bloomington Ave S - Master Controller | C162: NA | D162: NA | E162: NA
A163: 8028500 | B163: CSAH 53 (66th St) at Hub Shopping Ctr | C163: NA | D163: NA | E163: NA
... A186: 9010580 | B186: CSAH 61 (Hemlock Ln) at Arbor Lakes Parkway | C186: NA | D186: NA | E186: NA
A187: 8056150 | B187: CSAH 61 (Northwest Blvd) at 42nd Pl N | C187: 2nd | D187: 45385 | E187: PM | F187: -0.019683355 | G187: -0.064239829 | H187: 0.34782609 | I187: -0.027027027 | J187: -0.0050761421 | K187: -0.083769634 | L187: 0.22222222 | M187: -0.029850746 | N187: 0.58823529 | O187: 0.26086957 | P187: 0 | Q187: -0.017094017 | R187: -0.035874439 | S187: 0.22222222 | T187: 0.90909091 | U187: -0.038709677 | V187: 0.012820513
A188: 8042800 | B188: CSAH 61 (Northwest Blvd) at Campus Dr | C188: NA | D188: NA | E188: NA
A189: 8051600 | B189: CSAH 61 (Northwest Blvd) at Schmidt Lake Rd BACKHAUL | C189: NA | D189: NA | E189: NA
A190: 8052400 | B190: CSAH 61 (Northwest Blvd) at W Medicine Lake Dr | C190: NA | D190: NA | E190: NA
A191: 8022300 | B191: CSAH 61 (Plymouth Rd) at Cartway Dr | C191: NA | D191: NA | E191: NA
A192: 8039600 | B192: CSAH 61 (Plymouth Rd) at Cedar Lake Rd | C192: NA | D192: NA | E192: NA
A193: 8027300 | B193: CSAH 61 (Plymouth Rd) at I-394 N Frontage Rd | C193: NA | D193: NA | E193: NA
A194: 8024300 | B194: CSAH 61 (Plymouth Rd) at Ridgedale Dr | C194: NA | D194: NA | E194: NA
A195: 8037500 | B195: CSAH 61 (Plymouth Rd) at Sherwood Place / Regency Woods Apartments | C195: NA | D195: NA | E195: NA
A196: 8024600 | B196: CSAH 61 (Shady Oak Rd) at Bren Rd - Master Controller | C196: NA | D196: NA | E196: NA
A197: 8036500 | B197: CSAH 61 (Shady Oak Rd) at City West Pkwy (S Jct) / Bryant Lk Dr | C197: NA | D197: NA | E197: NA
A198: 8027900 | B198: CSAH 61 (Shady Oak Rd) at Dominic Dr / Smetana Rd | C198: NA | D198: NA | E198: NA
A199: 8039300 | B199: CSAH 61 (Shady Oak Rd) at K-tel Dr BACKHAUL | C199: 2nd | D199: 45390 | E199: off-peak | F199: -0.085423729 | G199: NA | H199: -0.053475936 | I199: -0.019933555 | J199: -0.1516035 | K199: NA | L199: NA | M199: NA | N199: 0.037735849 | O199: 0 | P199: -0.089552239 | Q199: NA | R199: -0.018083183 | S199: -0.042553191 | T199: -0.04 | U199: -0.17064846 | V199: NA
A200: 9010660 | B200: CSAH 61 (Zachary Ln N) at 89th Ave N | C200: NA | D200: NA | E200: NA
A201: 8017300 | B201: CSAH 70 (Medicine Lake Rd) at Boone Ave | C201: NA | D201: NA | E201: NA
A202: 8029200 | B202: CSAH 70 (Medicine Lake Rd) at Nevada Ave | C202: NA | D202: NA | E202: NA
A203: 8058100 | B203: CSAH 73 (Hopkins Crossroad) at Fairfield Road | C203: NA | D203: NA | E203: NA
A204: 8054600 | B204: CSAH 73 (Hopkins Crossroad) at Minnetonka Mills Rd / 5th St N | C204: NA | D204: NA | E204: NA
A205: 8058015 | B205: CSAH 73 (Hopkins Crossroad) at S Frontage Rd | C205: NA | D205: NA | E205: NA
A206: 8058010 | B206: CSAH 73 (Hopkins Crossroad) at Wayzata Blvd / North Frontage Road | C206: NA | D206: NA | E206: NA
A207: 8027200 | B207: CSAH 8 (71st Ave) at CSAH 130 (Broadway Ave) | C207: 2nd | D207: 45385 | E207: AM | F207: -0.0071599045 | G207: 0.0037243948 | H207: 0 | I207: -0.020618557 | J207: -0.0084865629 | K207: 0.025974026 | L207: -0.13333333 | M207: -0.04379562 | N207: 0 | O207: 0 | P207: 0 | Q207: 0.095238095 | R207: -0.16091954 | S207: 0 | T207: -1 | U207: -0.090909091 | V207: 0.026565465
A208: 8048400 | B208: CSAH 8 (West Broadway) at 57th Ave N | C208: NA | D208: NA | E208: NA
A209: 8000400 | B209: CSAH 8 (West Broadway) at CSAH 9 (Rockford Rd / 42nd Ave) | C209: NA | D209: NA | E209: NA
A210: 8033700 | B210: CSAH 81 (Bottineau Blvd) at 36th Ave N | C210: NA | D210: NA | E210: NA
A211: 8033800 | B211: CSAH 81 (Bottineau Blvd) at 40th Ave N | C211: NA | D211: NA | E211: NA
A212: 8033900 | B212: CSAH 81 (Bottineau Blvd) at 41st Ave N | C212: NA | D212: NA | E212: NA
A213: 8034400 | B213: CSAH 81 (Bottineau Blvd) at 73rd Ave N BACKHAUL | C213: NA | D213: NA | E213: NA
A214: 8047600 | B214: CSAH 81 (Bottineau Blvd) at 79th Ave N | C214: NA | D214: NA | E214: NA
A215: 8057845 | B215: CSAH 81 (Bottineau Blvd) at 83rd Ave N BACKHAUL | C215: NA | D215: NA | E215: NA
A216: 8033600 | B216: CSAH 81 (Bottineau Blvd) at Abbott Ave N | C216: NA | D216: NA | E216: NA
A217: 8034700 | B217: CSAH 81 (Bottineau Blvd) at CSAH 109 (85th Ave N) - Master Controller | C217: NA | D217: NA | E217: NA
A218: 8034900 | B218: CSAH 81 (Bottineau Blvd) at CSAH 121 (Fernbrook Ln) | C218: NA | D218: NA | E218: NA
A219: 8034500 | B219: CSAH 81 (Bottineau Blvd) at CSAH 130 / CSAH 152 (Brooklyn Blvd) | C219: NA | D219: NA | E219: NA
... A237: 8051100 | B237: CSAH 9 (Rockford Rd) at Vicksburg Ln | C237: NA | D237: NA | E237: NA
